job_id,job_title,job_category,company,city,experience,exp_min,exp_max,exp_bucket,skills,skill_count,posted_date,job_url,scraped_at
37475c77fa06,Data Scientist,Data Scientist,Cisco,Bangalore,7-10 Yrs,7.0,10.0,6-10 Years (Senior),Computer Science | Data Analysis | Data Science | Supply Chain Operations | Data Visualization | Customer Engagement | Cisco | Analytics,8,3+ weeks ago,https://www.naukri.com/job-listings-data-scientist-cisco-bengaluru-7-to-10-years-270326504991,2026-06-03T20:30:52.099387
dd76ee98b24f,Advanced Data Scientist,Data Scientist,Exxon Mobil Corporation,Bangalore,5-10 Yrs,5.0,10.0,3-5 Years (Mid),Supply Chain | Data Science | Aerospace | Machine Learning | Agile | Monitoring | Analytics | Python,8,3+ weeks ago,https://www.naukri.com/job-listings-advanced-data-scientist-exxon-mobil-corporation-bengaluru-5-to-10-years-090426502372,2026-06-03T20:30:52.102657
4a360977ed42,"Data Scientist, Google Play, Product",Data Scientist,Google,Bangalore,5-10 Yrs,5.0,10.0,3-5 Years (Mid),Product Management | Prototype | Data Science | Coding | Machine Learning | Mathematics | Statistics | Analytics,8,3+ weeks ago,https://www.naukri.com/job-listings-data-scientist-google-play-product-google-india-private-limited-bengaluru-5-to-10-years-090725503329,2026-06-03T20:30:52.137259
39340e256273,Machine Learning Data Scientist,Data Scientist,Hsbc,Bangalore,3-7 Yrs,3.0,7.0,3-5 Years (Mid),Python | Data Analysis | Data Domain | Vertex | Data Processing | Google | Anomaly Detection | Machine Learning,8,3+ weeks ago,https://www.naukri.com/job-listings-machine-learning-data-scientist-hsbc-electronic-data-processing-india-pvt-ltd-bengaluru-3-to-7-years-191225503735,2026-06-03T20:30:52.139432
ed0beaa622ba,Sr Data Scientist - Advanced Machine Learning,Data Scientist,Target,Bangalore,4-9 Yrs,4.0,9.0,3-5 Years (Mid),Supply Chain | Computer Science | Business Process | Data Analysis | Machine Learning | Network Security | Data Structures | Troubleshooting,8,3+ weeks ago,https://www.naukri.com/job-listings-sr-data-scientist-advanced-machine-learning-target-corporation-india-pvt-ltd-bengaluru-4-to-9-years-100226503258,2026-06-03T20:30:52.140484
278aeeb95a63,Data Scientist - Service Parts Supply Chain,Data Scientist,Philips,Bangalore,10-15 Yrs,10.0,15.0,6-10 Years (Senior),Supply Chain | Supply Chain Management | Erp | Performance Management | Project Management | Process Improvement | Business Analytics | Healthcare,8,3+ weeks ago,https://www.naukri.com/job-listings-data-scientist-service-parts-supply-chain-philips-india-limited-bengaluru-10-to-15-years-020426508504,2026-06-03T20:30:52.142508
55e541de11db,Data Scientist Cyber Threat Intelligence,Data Scientist,A.P. Moller Maersk,Bangalore,5-10 Yrs,5.0,10.0,3-5 Years (Mid),Automation | Relationship Building | Data Quality | Continuous Improvement | Security Operations | Forecasting | Operations | Auditing,8,3+ weeks ago,https://www.naukri.com/job-listings-data-scientist-cyber-threat-intelligence-maersk-global-service-centres-india-pvt-ltd-bengaluru-5-to-10-years-240226503494,2026-06-03T20:30:52.143484
10e831d503da,AI Data Scientist / AI Evaluation Specialist,Data Scientist,Zensar,Bangalore,4-8 Yrs,4.0,8.0,3-5 Years (Mid),Training | Data Science | Analytical | Programming | Data Analytics | Data Visualization | Statistics | Python,8,3+ weeks ago,https://www.naukri.com/job-listings-ai-data-scientist-ai-evaluation-specialist-zensar-technologies-bengaluru-4-to-8-years-150426503927,2026-06-03T20:30:52.144503
0578613db650,Data Scientist/ Machine Learning Engineer,ML Engineer,Hitachi Energy,Bangalore,5-8 Yrs,5.0,8.0,3-5 Years (Mid),Usage | Neural Networks | Focus | Machine Learning | Programming | Transformers | NLP | Data Privacy,8,3+ weeks ago,https://www.naukri.com/job-listings-data-scientist-machine-learning-engineer-hitachi-energy-bengaluru-5-to-8-years-010526502483,2026-06-03T20:30:52.146503
acfa830b6e91,Data Scientist,Data Scientist,Maruti Suzuki,Bangalore,4-7 Yrs,4.0,7.0,3-5 Years (Mid),Cloud Computing | Data Analysis | Machine Learning | Data Processing | Telematics | Engineering Design | Data Visualization | Automotive,8,3+ weeks ago,https://www.naukri.com/job-listings-data-scientist-maruti-suzuki-india-limited-bengaluru-4-to-7-years-211125502671,2026-06-03T20:30:52.147503
546b96576a6d,"Staff Data Scientist, Ads Insights and Measurement",Data Scientist,Google,Bangalore,8-13 Yrs,8.0,13.0,6-10 Years (Senior),Data Analysis | Bidding | Coding | Analytical | Data Structures | Matlab | Analytics | Brand Building,8,3+ weeks ago,https://www.naukri.com/job-listings-staff-data-scientist-ads-insights-and-measurement-google-india-private-limited-bengaluru-8-to-13-years-090725503487,2026-06-03T20:30:52.148503
2fcc025a47e7,Data Scientist,Data Scientist,Movate Technologies,Bangalore,5-8 Yrs,5.0,8.0,3-5 Years (Mid),Artificial Intelligence | Machine Learning | Python | Data | Intelligence | Machine,6,2 weeks ago,https://www.naukri.com/job-listings-data-scientist-movate-technologies-bengaluru-5-to-8-years-230326015841,2026-06-03T20:30:52.150503
90e6b011b9e8,AI / ML Data Scientist I,Data Scientist,Nielsen Sports,Bangalore,0-3 Yrs,0.0,3.0,0-2 Years (Fresher),Cloud Computing | Operations Research | Automation | Primary Research | Data Science | Machine Learning | Jira | Statistics,8,Few hours ago,https://www.naukri.com/job-listings-ai-ml-data-scientist-i-nielsen-sports-bengaluru-0-to-3-years-030626504161,2026-06-03T20:30:52.152486
746eecfb2f4e,Data Scientist,Data Scientist,Rolls-Royce,Bangalore,Not Specified,,,Not Specified,,0,Starts in 1-3 months,https://www.naukri.com/job-listings-data-scientist-rolls-royce-india-private-ltd-bengaluru-3-to-8-years-030626504364,2026-06-03T20:30:52.153484
e26b8cb3372e,Data Scientist - 23 Feb (Sat)-Weekend Virtual Interview - Pan India,Data Scientist,Tata Consultancy Services,India,6 Yrs,6.0,6.0,6-10 Years (Senior),Data Science | Python | SQL | Machine Learning | Science | Interviewing | Sat | Machine,8,1 day ago,https://www.naukri.com/job-listings-data-scientist-23-feb-sat-weekend-virtual-interview-pan-india-tata-consultancy-services-bengaluru-delhi-ncr-india-6-to-6-years-210526004106,2026-06-03T20:30:52.156457
48baa14548c5,Data Scientist-Artificial Intelligence,Data Scientist,IBM,Bangalore,3-7 Yrs,3.0,7.0,3-5 Years (Mid),Data Scientist | Python | Ai Solutions | Ai Frameworks | Ai | Cloud Platforms | Machine Learning | Artificial Intelligence,8,Few hours ago,https://www.naukri.com/job-listings-data-scientist-artificial-intelligence-ibm-india-pvt-limited-bengaluru-3-to-7-years-030626928132,2026-06-03T20:30:52.158484
c2155c81b14e,Data Scientist- Gen AI,Data Scientist,Fractal Analytics,Noida,1-6 Yrs,1.0,6.0,0-2 Years (Fresher),Computer Vision | Git | GCP | Analytical | Django | Software Development Life Cycle | Workflow | Application Development,8,1 day ago,https://www.naukri.com/job-listings-data-scientist-gen-ai-fractal-analytics-ltd-noida-mumbai-hyderabad-pune-chennai-gurugram-bengaluru-1-to-6-years-020626500303,2026-06-03T20:30:52.159484
a289f06c328b,Data Scientist (ML/AI),Data Scientist,Philips,Bangalore,5-10 Yrs,5.0,10.0,3-5 Years (Mid),Time Series Analysis | Python | Scikit-learn | Mathematics | Azure | Machine Learning | Artificial Intelligence | SQL,8,1 day ago,https://www.naukri.com/job-listings-data-scientist-ml-ai-philips-india-limited-bengaluru-5-to-10-years-020626502504,2026-06-03T20:30:52.160506
8126f0dbe50c,Data Scientist /AI ML Engineer,ML Engineer,Globallogic,Bangalore,5-10 Yrs,5.0,10.0,3-5 Years (Mid),Hive | Fundamentals | Cursor | Algorithms | Data Warehousing | Data Pipeline | Artificial Intelligence | SQL,8,1 day ago,https://www.naukri.com/job-listings-data-scientist-ai-ml-engineer-globallogic-bengaluru-5-to-10-years-020626016711,2026-06-03T20:30:52.162484
60ae73ea47a6,Data Scientist IV,Data Scientist,Conduent,Bangalore,12-17 Yrs,12.0,17.0,10+ Years (Lead/Principal),Data Scientist | Azure | Architecture | Sql Server | Hadoop | Cloud Architecture | Data Quality Management | Vmware,8,2 days ago,https://www.naukri.com/job-listings-data-scientist-iv-conduent-business-services-india-llp-bengaluru-12-to-17-years-010626921451,2026-06-03T20:30:52.163484
e89c6543d85a,Data Scientist,Data Scientist,Apple,Hyderabad,0-8 Yrs,0.0,8.0,0-2 Years (Fresher),Rca | Statistics | Data Science | Data Modeling | Analytical | Market Data | Predictive Modeling | Service Sales,8,3+ weeks ago,https://www.naukri.com/job-listings-data-scientist-apple-india-pvt-ltd-hyderabad-0-to-8-years-250226504348,2026-06-03T20:31:05.328548
8d3ebbc6442c,Data Scientist,Data Scientist,HCLTech,Hyderabad,5-10 Yrs,5.0,10.0,3-5 Years (Mid),Artificial Intelligence | Machine Learning | Python | Machine | Data | Intelligence,6,1 week ago,https://www.naukri.com/job-listings-data-scientist-hcltech-hyderabad-5-to-10-years-130526042098,2026-06-03T20:31:05.332712
235d0334dac1,Senior Analyst/Data Scientist-GenAI,AI Engineer,Tiger Analytics,Hyderabad,4-9 Yrs,4.0,9.0,3-5 Years (Mid),Data Science | Generative AI | Artificial Intelligence | NLP | Machine Learning | Pert | Lora | Qlora,8,1 week ago,https://www.naukri.com/job-listings-senior-analyst-data-scientist-genai-tiger-analytics-hyderabad-chennai-bengaluru-4-to-9-years-011125009365,2026-06-03T20:31:05.371585
41d5099e8c4d,Data Scientist (Computer Vision),Deep Learning Engineer,Scry Analytics,Hyderabad,3-6 Yrs,3.0,6.0,3-5 Years (Mid),Computer Vision | Deep Learning | Backend | Retail Analytics | Orchestration | Compliance | Opencv | Rtsp,8,3+ weeks ago,https://www.naukri.com/job-listings-data-scientist-computer-vision-scry-analytics-hyderabad-3-to-6-years-060326504690,2026-06-03T20:31:05.373892
09017b8171e4,Data Scientist,Data Scientist,Tata Consultancy Services,Hyderabad,5-10 Yrs,5.0,10.0,3-5 Years (Mid),Artificial Intelligence | Machine Learning | Python | NLP | Process | Languages | Machine,7,1 week ago,https://www.naukri.com/job-listings-data-scientist-tata-consultancy-services-hyderabad-chennai-5-to-10-years-260326026450,2026-06-03T20:31:05.374891
466ec61b1cf3,Data Scientist,Data Scientist,Amgen Inc,Hyderabad,3-5 Yrs,3.0,5.0,3-5 Years (Mid),Data Cleansing | Data Analysis | Automation | Sas | Analytical | Trend Analysis | Machine Learning | Spss,8,3+ weeks ago,https://www.naukri.com/job-listings-data-scientist-horizon-therapeutics-hyderabad-3-to-5-years-300925500247,2026-06-03T20:31:05.376889
97d36ffd2198,Data Scientist,Data Scientist,Varite,Hyderabad,5-8 Yrs,5.0,8.0,3-5 Years (Mid),Data Scientist | TensorFlow | PyTorch | NLP | Machine Learning | Deep Learning | Scikit-learn | Python,8,1 day ago,https://www.naukri.com/job-listings-data-scientist-varite-hyderabad-5-to-8-years-020626022630,2026-06-03T20:31:05.377893
8d5233d3a81b,Data Scientist,Data Scientist,DAZN,Hyderabad,1-6 Yrs,1.0,6.0,0-2 Years (Fresher),Algorithms | Python | Data Analysis | NLP | Bi | Predictive | Power BI | Problem Solving,8,Few hours ago,https://www.naukri.com/job-listings-data-scientist-dazn-group-hyderabad-1-to-6-years-030626501532,2026-06-03T20:31:05.378889
3f508f7c7418,Data Scientist -Pan India-   13th May (Wed) - Virtual Interview,Data Scientist,Tata Consultancy Services,Hyderabad,5-10 Yrs,5.0,10.0,3-5 Years (Mid),Data Science | NLP | Machine Learning | Deep Learning | Python | Data | Science | Interviewing,8,1 day ago,https://www.naukri.com/job-listings-data-scientist-pan-india-13th-may-wed-virtual-interview-tata-consultancy-services-hyderabad-delhi-ncr-india-5-to-10-years-110526013627,2026-06-03T20:31:05.380886
31dc9720c24e,Data Scientist,Data Scientist,Globant,Hyderabad,5-9 Yrs,5.0,9.0,3-5 Years (Mid),GCP | Vertex Ai | Retrieval Augmented Generation | Python | Artificial Intelligence | NLP | Machine Learning | Process,8,1 day ago,https://www.naukri.com/job-listings-data-scientist-globant-hyderabad-pune-bengaluru-5-to-9-years-020626026583,2026-06-03T20:31:05.381887
b0a943aa0b84,Hiring Data scientist,Data Scientist,Ascendion Engineering,Hyderabad,3-7 Yrs,3.0,7.0,3-5 Years (Mid),Data Science | Vertex | Python | Gcp Bigquery | Science | GCP | Bigquery | Data,8,Few hours ago,https://www.naukri.com/job-listings-hiring-data-scientist-ascendion-engineering-hyderabad-pune-bengaluru-3-to-7-years-030626026567,2026-06-03T20:31:05.383896
ffb89dc151fd,Data Scientist,Data Scientist,Cloudxtreme,Hyderabad,7-12 Yrs,7.0,12.0,6-10 Years (Senior),Data Science | PySpark | Machine Learning | Data | Science | Machine,6,Today,https://www.naukri.com/job-listings-data-scientist-cloudxtreme-hyderabad-chennai-bengaluru-7-to-12-years-030626009418,2026-06-03T20:31:05.384894
b8722d4e39d5,Data Scientist GenAI,AI Engineer,Affine Analytics,Hyderabad,5-10 Yrs,5.0,10.0,3-5 Years (Mid),Agentic Ai | RAG | Retrieval Augmented Generation | Machine Learning | Python | Generation | Machine | Data,8,2 days ago,https://www.naukri.com/job-listings-data-scientist-genai-affine-analytics-hyderabad-bengaluru-delhi-ncr-5-to-10-years-010626028731,2026-06-03T20:31:05.385894
f03bbe22567d,Data Scientist - DAZN - F2F Interview - 5th and 6th June,Data Scientist,DAZN,Hyderabad,3-8 Yrs,3.0,8.0,3-5 Years (Mid),TensorFlow | Machine Learning | Deep Learning | Scikit-learn | Cnn | Artificial Intelligence | Numpy | SQL,8,1 day ago,https://www.naukri.com/job-listings-data-scientist-dazn-f2f-interview-5th-and-6th-june-dazn-hyderabad-3-to-8-years-020626006598,2026-06-03T20:31:05.389878
53353bf9d2e7,Data Scientist-Artificial Intelligence,Data Scientist,IBM,Hyderabad,5-7 Yrs,5.0,7.0,3-5 Years (Mid),Data Scientist | Kubernetes | Python | Git | NLP | Ai | React | Bootstrap,8,5 days ago,https://www.naukri.com/job-listings-data-scientist-artificial-intelligence-ibm-india-pvt-limited-hyderabad-5-to-7-years-290526914742,2026-06-03T20:31:05.391879
ffefd30206a6,Data Scientist,Data Scientist,Axtria,Hyderabad,4-10 Yrs,4.0,10.0,3-5 Years (Mid),Model Building | Deploying Models | Model Monitoring | Machine Learning | Python | Monitoring | Machine | Building,8,5 days ago,https://www.naukri.com/job-listings-data-scientist-axtria-hyderabad-delhi-ncr-bengaluru-4-to-10-years-290526023406,2026-06-03T20:31:05.394640
50821ce7a999,Data Scientist,Data Scientist,Optum,Hyderabad,6-11 Yrs,6.0,11.0,6-10 Years (Senior),Data Scientist | Ai | Angular | Back End | Kanban | Front End | Javascript | Agile,8,5 days ago,https://www.naukri.com/job-listings-data-scientist-optum-global-solutions-india-private-limited-hyderabad-6-to-11-years-290526920493,2026-06-03T20:31:05.395648
beb1f18d72ca,Data Scientist,Data Scientist,Leading Client,Hyderabad,4-9 Yrs,4.0,9.0,3-5 Years (Mid),Data Science | PyTorch | NLP | MLOps | Feature Engineering | Deep Learning | Python | Machine Learning,8,1 week ago,https://www.naukri.com/job-listings-data-scientist-talent-corner-hr-services-pvt-ltd-noida-hyderabad-bengaluru-4-to-9-years-270526911502,2026-06-03T20:31:05.397655
4f111853a021,Data Scientist - Senior,Data Scientist,Cummins,Pune,6-11 Yrs,6.0,11.0,6-10 Years (Senior),Computer Science | Analytical | Machine Learning | Agile | Manager Quality Control | Data Mining | Licensing | Analytics,8,3+ weeks ago,https://www.naukri.com/job-listings-data-scientist-senior-cummins-inc-pune-6-to-11-years-280426502626,2026-06-03T20:31:23.448901
e6981de7a66d,Senior Data Scientist/ Data Scientist,Data Scientist,Fractal Analytics,Pune,5-10 Yrs,5.0,10.0,3-5 Years (Mid),Rca | Software Design | Version Control | Coding | Machine Learning | Data Structures | Project Delivery | Monitoring,8,3+ weeks ago,https://www.naukri.com/job-listings-senior-data-scientist-data-scientist-fractal-analytics-ltd-mumbai-pune-chennai-gurugram-bengaluru-5-to-10-years-060225508191,2026-06-03T20:31:23.450899
41cc2bee1f93,Data Scientist,Data Scientist,Scry Analytics,Pune,3-8 Yrs,3.0,8.0,3-5 Years (Mid),Computer Science | Deep Learning | Advanced Analytics | Data Science | Analytical | Machine Learning | Cloud | Model Development,8,3+ weeks ago,https://www.naukri.com/job-listings-data-scientist-scry-analytics-pune-3-to-8-years-060326504689,2026-06-03T20:31:23.489574
25a56d65814e,Data Scientist,Data Scientist,Mindteck,Pune,3-8 Yrs,3.0,8.0,3-5 Years (Mid),Data Science | Generative AI | RAG | Machine Learning | Agentic Ai | LLMs | Retrieval Augmented Generation | Generation,8,Today,https://www.naukri.com/job-listings-data-scientist-mindteck-pune-3-to-8-years-030626011108,2026-06-03T20:31:23.492574
fde1943bc44a,Data Scientist,Data Scientist,Solytics Partners,Pune,3-6 Yrs,3.0,6.0,3-5 Years (Mid),Data Science | Python | NLP | Statistics | Machine Learning | Generative AI | SQL,7,2 days ago,https://www.naukri.com/job-listings-data-scientist-solytics-partners-pune-3-to-6-years-070526022689,2026-06-03T20:31:23.494576
9be753d6d778,Data Scientist,Data Scientist,Eksource Technologies,Pune,1-5 Yrs,1.0,5.0,0-2 Years (Fresher),Data Science | Artificial Intelligence | NLP | Machine Learning | Deep Learning | Software Engineering,6,1 day ago,https://www.naukri.com/job-listings-data-scientist-eksource-technologies-pune-1-to-5-years-290526008836,2026-06-03T20:31:23.498575
878405df9ee4,Data Scientist,Data Scientist,Ascendion Engineering,Pune,3-6 Yrs,3.0,6.0,3-5 Years (Mid),Data Science | GCP | Vertex Ai | Bigquery | Python | Us Pharma | LangChain | Langgraph,8,Just now,https://www.naukri.com/job-listings-data-scientist-ascendion-engineering-pune-chennai-bengaluru-3-to-6-years-300426016620,2026-06-03T20:31:23.501574
3c1d64fe5643,Data Scientist-Gen AI,Data Scientist,Leading IT Service and Consulting Organization,Pune,5-10 Yrs,5.0,10.0,3-5 Years (Mid),Artificial Intelligence | Machine Learning | Deep Learning | Generative Artificial Intelligence | Python | TensorFlow | NLP | Scikit-learn,8,Today,https://www.naukri.com/job-listings-data-scientist-gen-ai-anlage-infotech-pune-chennai-bengaluru-5-to-10-years-030626010224,2026-06-03T20:31:23.503574
25b4e0d59a2c,AI AND DATA Scientist Engineer,Data Scientist,Coreehs,Pune,2-7 Yrs,2.0,7.0,0-2 Years (Fresher),Object Detection | Computer Vision | Processing | Process | Artificial Intelligence | Object | Computer,7,1 week ago,https://www.naukri.com/job-listings-ai-and-data-scientist-engineer-coreehs-pune-surat-2-to-7-years-200625026182,2026-06-03T20:31:23.506573
7b556420bf79,Data Scientist / Data Science Engineer,Data Scientist,Ample Softech System,Pune,0-5 Yrs,0.0,5.0,0-2 Years (Fresher),Power BI | Data Analysis | Data Visualization | Data Modeling | SQL | Data Science | Modeling | Science,8,1 week ago,https://www.naukri.com/job-listings-data-scientist-data-science-engineer-ample-softech-system-bhubaneswar-nagpur-pune-0-to-5-years-220526033625,2026-06-03T20:31:23.510581
dc934c0c8515,Data Scientist,Data Scientist,ANTI-Ai PRIVATE LIMITED,Pune,3-6 Yrs,3.0,6.0,3-5 Years (Mid),Time Series Analysis | Algorithms | Python | Data Analysis | Modeling | Scikit-learn | Bi | Power BI,8,2 days ago,https://www.naukri.com/job-listings-data-scientist-anti-ai-private-limited-pune-3-to-6-years-010626501499,2026-06-03T20:31:23.516575
7ee43dfda47d,Data Scientist-Artificial Intelligence,Data Scientist,IBM,Pune,6-8 Yrs,6.0,8.0,6-10 Years (Senior),Data Scientist | Kubernetes | Python | Git | NLP | Ai | React | Bootstrap,8,2 days ago,https://www.naukri.com/job-listings-data-scientist-artificial-intelligence-ibm-india-pvt-limited-pune-6-to-8-years-010626912079,2026-06-03T20:31:23.522575
9bb54fdeca2e,Data Scientist - NLP Focussed,NLP Engineer,Siemens,Pune,5-10 Yrs,5.0,10.0,3-5 Years (Mid),Data Scientist | Azure | Use Cases | NLP | Ai | Data Mining | Data Cleansing | Forecasting,8,2 days ago,https://www.naukri.com/job-listings-data-scientist-nlp-focussed-siemens-limited-pune-5-to-10-years-010626921919,2026-06-03T20:31:23.525583
e964c17af917,Data Scientist,Data Scientist,Globant,Remote,5-10 Yrs,5.0,10.0,3-5 Years (Mid),Artificial Intelligence | Nextgen | Dialogflow | Edk | Data | Intelligence,6,1 day ago,https://www.naukri.com/job-listings-data-scientist-globant-pune-5-to-10-years-020626016640,2026-06-03T20:31:23.529011
1dab2240ee83,Data Scientist,Data Scientist,Leading Client,Pune,5-10 Yrs,5.0,10.0,3-5 Years (Mid),Data Scientist | Azure | Api Development | Apis | Ai | User Experience | Programming | Data Extraction,8,5 days ago,https://www.naukri.com/job-listings-data-scientist-tekskills-india-private-limited-pune-5-to-10-years-290526914918,2026-06-03T20:31:23.530574
b4b332520d3a,Data Scientist,Data Scientist,Birlasoft,Pune,10-15 Yrs,10.0,15.0,6-10 Years (Senior),Computer Science | Deep Learning | Continuous Integration | Data Science | GCP | Machine Learning | Technical Architecture | Big Data,8,5 days ago,https://www.naukri.com/job-listings-data-scientist-birlasoft-india-limited-pune-10-to-15-years-290526505163,2026-06-03T20:31:23.532575
f301803124f8,Data Analyst,Data Analyst,Capgemini,Mumbai,4-9 Yrs,4.0,9.0,3-5 Years (Mid),Power BI | Data Analysis | Data Visualization | Tableau | Data Analytics | SQL | Analytics | Analysis,8,1 week ago,https://www.naukri.com/job-listings-data-analyst-capgemini-chennai-delhi-ncr-mumbai-all-areas-4-to-9-years-021225014173,2026-06-03T20:31:36.782892
604439db12d6,"Lead Data Scientist, India - BCG X",Data Scientist,Boston Consulting Group,Mumbai,13-20 Yrs,13.0,20.0,10+ Years (Lead/Principal),Data Analysis | Operations Research | Business Transformation | Data Management | Business Analytics | Analytical | Consulting | Spss,8,3+ weeks ago,https://www.naukri.com/job-listings-lead-data-scientist-india-bcg-x-boston-consulting-group-mumbai-13-to-20-years-280126500960,2026-06-03T20:31:36.785274
7ee5fcc1c2e9,Payments - Analytics & Reporting- Data Scientist Associate,Data Scientist,JPMorgan Chase Bank,Mumbai,4-9 Yrs,4.0,9.0,3-5 Years (Mid),Data Analysis | Business Analytics | Smb | Product Sales | Account Management | Data Visualization | Operations | SQL,8,3+ weeks ago,https://www.naukri.com/job-listings-payments-analytics-reporting-data-scientist-associate-jp-morgan-and-chase-mumbai-4-to-9-years-190226505064,2026-06-03T20:31:36.815611
26467d014244,Senior Data Scientist,Data Scientist,Mastercard,Mumbai,5-7 Yrs,5.0,7.0,3-5 Years (Mid),Computer Science | Statistics | Information Security | Analytical | Risk Modeling | Machine Learning | Information Technology | Corporate Security,8,3+ weeks ago,https://www.naukri.com/job-listings-senior-data-scientist-mastercard-mumbai-5-to-7-years-080426504887,2026-06-03T20:31:36.817611
b9178cbea385,GCP Data Engineer (Lead),Data Engineer,Blue Star,Mumbai,8-11 Yrs,8.0,11.0,6-10 Years (Senior),Cdc | Cloud Spanner | Azure | Elt | Big Data | Data Engineering | SQL | Cloud,8,3+ weeks ago,https://www.naukri.com/job-listings-gcp-data-engineer-lead-blue-star-ltd-mumbai-8-to-11-years-110326501427,2026-06-03T20:31:36.821254
7030b43b83b1,Pyspark -Palantir Core- Data Engineer,Data Engineer,Tata Consultancy Services,Mumbai,6-10 Yrs,6.0,10.0,6-10 Years (Senior),PySpark | Data Engineering | AWS | SQL | Snowflake | Data Bricks | Python | Bricks,8,3+ weeks ago,https://www.naukri.com/job-listings-pyspark-palantir-core-data-engineer-tata-consultancy-services-pune-bengaluru-mumbai-all-areas-6-to-10-years-090326005611,2026-06-03T20:31:36.822254
1551e2107356,Senior Snowflake Data Engineer role,Data Engineer,Saint Gobain,Mumbai,6-10 Yrs,6.0,10.0,6-10 Years (Senior),Snowflake | SQL | Azure | Data Warehousing | AWS | Python | Data | Warehouse,8,Today,https://www.naukri.com/job-listings-senior-snowflake-data-engineer-role-saint-gobain-mumbai-6-to-10-years-150426015821,2026-06-03T20:31:36.827261
d618630a0c1f,Data Scientist,Data Scientist,Celebal Technologies,Mumbai,3-8 Yrs,3.0,8.0,3-5 Years (Mid),Time Series | Demand Forecasting | Machine Learning | Agentic Ai | Generative AI | Xgboost | Arima | K-Means,8,2 days ago,https://www.naukri.com/job-listings-data-scientist-celebal-technologies-bengaluru-mumbai-all-areas-3-to-8-years-300426024055,2026-06-03T20:31:36.829261
f715a7070189,Data-scientist - Machine Learning & AI,Data Scientist,Hdfc Bank,Mumbai,7-12 Yrs,7.0,12.0,6-10 Years (Senior),Genai | Graph | Machine Learning | PyTorch | TensorFlow | NLP | Neo4J | Machine Learning Algorithms,8,2 days ago,https://www.naukri.com/job-listings-data-scientist-machine-learning-ai-hdfc-bank-gurugram-delhi-ncr-mumbai-all-areas-7-to-12-years-010626012906,2026-06-03T20:31:36.831252
0388be9f0224,Data Scientist,Data Scientist,Ganit Business Solutions,Mumbai,5-8 Yrs,5.0,8.0,3-5 Years (Mid),Generative AI | Data Science | Python | Gen | Data | Artificial Intelligence | Science,7,6 days ago,https://www.naukri.com/job-listings-data-scientist-ganit-business-solutions-mumbai-bengaluru-5-to-8-years-280526022010,2026-06-03T20:31:36.833822
ad0dd1b6380c,Data Scientist,Data Scientist,ICICI Lombard,Mumbai,1-6 Yrs,1.0,6.0,0-2 Years (Fresher),Generative AI | LLMs | Retrieval Augmented Generation | Machine Learning | Python | Artificial Intelligence | Data | Intelligence,8,5 days ago,https://www.naukri.com/job-listings-data-scientist-icici-lombard-mumbai-1-to-6-years-290526022762,2026-06-03T20:31:36.836986
a6e6d4447bd7,Data Scientist AIML,Data Scientist,Tata Consultancy Services,Mumbai,5-10 Yrs,5.0,10.0,3-5 Years (Mid),Artificial Intelligence | Machine Learning | Predictive Modeling | Advanced Analytics | Statistics | Python | Predictive Analytics,7,1 week ago,https://www.naukri.com/job-listings-data-scientist-aiml-tata-consultancy-services-mumbai-hyderabad-gurugram-5-to-10-years-260526038475,2026-06-03T20:31:36.842049
1a29757331d1,AMEA Data Scientist (o9 Demand planning),Data Scientist,Mondelez,Mumbai,6-11 Yrs,6.0,11.0,6-10 Years (Senior),Supply Chain | Data Analysis | Data Science | GCP | Analytical | Machine Learning | Integration Testing | Packaging,8,6 days ago,https://www.naukri.com/job-listings-amea-data-scientist-o9-demand-planning-mondelez-international-mumbai-6-to-11-years-280526503557,2026-06-03T20:31:36.843049
f9b307e35a56,Data Scientist,Data Scientist,Razorthink,Mumbai,3-5 Yrs,3.0,5.0,3-5 Years (Mid),Data Science | Python | R | Data Scientist | Data Mining | Pandas | Scikit-learn | Statistics,8,1 week ago,https://www.naukri.com/job-listings-data-scientist-razorthink-mumbai-delhi-ncr-bengaluru-3-to-5-years-220526919366,2026-06-03T20:31:36.845048
308d0b6471a9,Sr. Machine learning /Data Scientist,Data Scientist,Version 1,Mumbai,5-9 Yrs,5.0,9.0,3-5 Years (Mid),Data Scientist | Coaching | Red Hat | Debugging | Employee Wellbeing | Feature Engineering | Ai | Regression,8,2 days ago,https://www.naukri.com/job-listings-sr-machine-learning-data-scientist-version-1-services-private-limited-mumbai-5-to-9-years-010626922702,2026-06-03T20:31:36.846048
fd3b9f2c029f,Excellent opportunity For Data Scientist,Data Scientist,Kiya.ai,Mumbai,3-8 Yrs,3.0,8.0,3-5 Years (Mid),Data Science | Generative AI | Python | Science | Data | Artificial Intelligence,6,5 days ago,https://www.naukri.com/job-listings-excellent-opportunity-for-data-scientist-kiya-ai-mumbai-navi-mumbai-mumbai-all-areas-3-to-8-years-290526001657,2026-06-03T20:31:36.847048
9aded0d2173d,Data Scientist,Data Scientist,Capgemini,Mumbai,6-8 Yrs,6.0,8.0,6-10 Years (Senior),Generative AI | GCP | Bigquery | Python | Machine Learning | Data | Artificial Intelligence | Machine,8,1 week ago,https://www.naukri.com/job-listings-data-scientist-capgemini-pune-bengaluru-mumbai-all-areas-6-to-8-years-260526013604,2026-06-03T20:31:36.850049
59e41e4b4243,Data Scientist,Data Scientist,Tata Consultancy Services,Mumbai,5-10 Yrs,5.0,10.0,3-5 Years (Mid),Data Science | Generative AI | Typescript | Aiml | Microservices | Deepeval | Python | Data,8,3 days ago,https://www.naukri.com/job-listings-data-scientist-tata-consultancy-services-chennai-bengaluru-mumbai-all-areas-5-to-10-years-310526002811,2026-06-03T20:31:36.853050
8dcaa6385c21,Data Scientist/Technical Analyst,Data Scientist,Maruti Suzuki,Gurgaon,4-9 Yrs,4.0,9.0,3-5 Years (Mid),Computer Vision | Deep Learning | Simulation | Neural Networks | Machine Learning | Hypothesis Testing | Telematics | Data Analytics,8,3+ weeks ago,https://www.naukri.com/job-listings-data-scientist-technical-analyst-maruti-suzuki-india-limited-gurugram-4-to-9-years-110825500383,2026-06-03T20:31:49.150727
3019c7a3f3c1,Data Scientist (Machine Learning),Data Scientist,Snapdeal,Gurgaon,3-7 Yrs,3.0,7.0,3-5 Years (Mid),Computer Vision | Algorithms | Python | Modeling | NLP | Neural Networks | Predictive | Machine Learning,8,3+ weeks ago,https://www.naukri.com/job-listings-data-scientist-machine-learning-jasper-infotech-pvt-ltd-gurugram-3-to-7-years-221025507694,2026-06-03T20:31:49.154079
f67417b97f92,Data Scientist,Data Scientist,PayU,Gurgaon,0-3 Yrs,0.0,3.0,0-2 Years (Fresher),Usage | Statistics | Analytical | Focus | Programming | Data Mining | Business Understanding | Analytics,8,3+ weeks ago,https://www.naukri.com/job-listings-data-scientist-payu-india-gurugram-0-to-3-years-300326502718,2026-06-03T20:31:49.178864
c9e401e4c874,Data Scientist,Data Scientist,EXL,Gurgaon,5-8 Yrs,5.0,8.0,3-5 Years (Mid),Generative AI | Artificial Intelligence | Python | SQL | Data Science | Science | Intelligence | Data,8,3+ weeks ago,https://www.naukri.com/job-listings-data-scientist-exl-gurugram-bengaluru-5-to-8-years-031125016780,2026-06-03T20:31:49.180859
014d9c13f984,Data Scientist,Data Scientist,Maruti Suzuki,Gurgaon,4-7 Yrs,4.0,7.0,3-5 Years (Mid),Cloud Computing | Data Analysis | Machine Learning | Data Processing | Telematics | Engineering Design | Data Visualization | Automotive,8,3+ weeks ago,https://www.naukri.com/job-listings-data-scientist-maruti-suzuki-india-limited-gurugram-4-to-7-years-211125502674,2026-06-03T20:31:49.181859
601b3097bb35,Data Scientist,Data Scientist,Scry Analytics,Gurgaon,3-8 Yrs,3.0,8.0,3-5 Years (Mid),Computer Science | Deep Learning | Advanced Analytics | Data Science | Analytical | Machine Learning | Cloud | Model Development,8,3+ weeks ago,https://www.naukri.com/job-listings-data-scientist-scry-analytics-gurugram-3-to-8-years-120326502256,2026-06-03T20:31:49.183860
0ca69ce6c76d,Data Scientist -Telecom (RAN+ AI ),Data Scientist,Airtel,Gurgaon,6-11 Yrs,6.0,11.0,6-10 Years (Senior),Agentice Ai | Radio | Data Science | Son | Python | Crewai | Ran Optimization | Artificial Intelligence,8,2 weeks ago,https://www.naukri.com/job-listings-data-scientist-telecom-ran-ai-airtel-gurugram-6-to-11-years-191125012756,2026-06-03T20:31:49.185865
f621c7cb8c68,Data Scientist-Artificial Intelligence,Data Scientist,IBM,Gurgaon,10-15 Yrs,10.0,15.0,6-10 Years (Senior),Data Scientist | Semiconductor | Fabrication | Artificial Intelligence | Operations | B2B | Design | Manufacturing,8,Few hours ago,https://www.naukri.com/job-listings-data-scientist-artificial-intelligence-ibm-india-pvt-limited-gurugram-10-to-15-years-030626928082,2026-06-03T20:31:49.193389
65c15588f06b,Data Scientist,Data Scientist,Luxoft,Gurgaon,8-12 Yrs,8.0,12.0,6-10 Years (Senior),Data Science | PySpark | R | AWS | Python | SQL | Science | Data,8,1 day ago,https://www.naukri.com/job-listings-data-scientist-luxoft-gurugram-chennai-bengaluru-8-to-12-years-020626027438,2026-06-03T20:31:49.195407
e507075acc8b,Data Scientist,Data Scientist,WM UNIVERSAL SOLUTIONS PRIVATE LIMITED,Pahari,4-6 Yrs,4.0,6.0,3-5 Years (Mid),Computer Science | Automation | Data Analysis | Coding | GCP | Analytical | Machine Learning | Analytics,8,Few hours ago,https://www.naukri.com/job-listings-data-scientist-wm-universal-solutions-private-limited-pahari-faridabad-gurugram-4-to-6-years-030626503976,2026-06-03T20:31:49.197605
017aa0cfb1ac,Data Scientist,Data Scientist,Coforge,Greater Noida,6-11 Yrs,6.0,11.0,6-10 Years (Senior),PySpark | Airlines | Data Scientist | Databricks | Data Modeling | Data Bricks | Data | Modeling,8,2 days ago,https://www.naukri.com/job-listings-data-scientist-coforge-greater-noida-6-to-11-years-010626018436,2026-06-03T20:31:49.202589
a502e307fb42,Data Scientist/AI-ML,Data Scientist,Codepanda Academy,Delhi,0-5 Yrs,0.0,5.0,0-2 Years (Fresher),Data Science | Business Intelligence | Generative AI | Artificial Intelligence | LLMs | Machine Learning | Ml Algorithms | SQL,8,5 days ago,https://www.naukri.com/job-listings-data-scientist-ai-ml-codepanda-academy-noida-gurugram-delhi-ncr-0-to-5-years-290526023855,2026-06-03T20:31:49.205602
4860f0868f37,Data Analyst / Data Scientist,Data Analyst,USHA International,Gurgaon,4-7 Yrs,4.0,7.0,3-5 Years (Mid),Data Scientist | Machine Learning | Python | Generative AI | Statsmodels | NLP | Pandas | RAG,8,4 days ago,https://www.naukri.com/job-listings-data-analyst-data-scientist-usha-international-gurugram-4-to-7-years-300526013852,2026-06-03T20:31:49.211599
cbce72af69d1,Data Scientist,Data Scientist,Optum,Noida,5-10 Yrs,5.0,10.0,3-5 Years (Mid),Data Scientist | Compliance | Architecture | Artificial Intelligence | Hadoop | Ai | Neural Networks | Regression,8,2 days ago,https://www.naukri.com/job-listings-data-scientist-optum-global-solutions-india-private-limited-noida-5-to-10-years-010626922828,2026-06-03T20:31:49.212599
bc121d1aa913,Data Scientist II,Data Scientist,FedEx,Chennai,8-13 Yrs,8.0,13.0,6-10 Years (Senior),Version Control | Diagnostics | Data Science | Analytical | Artificial Intelligence | Machine Learning | Agile | Genetics,8,3+ weeks ago,https://www.naukri.com/job-listings-data-scientist-ii-fedex-express-chennai-8-to-13-years-020326503016,2026-06-03T20:31:59.423647
be73eacede72,Data Scientist/Data Engineer/Data Analyst,Data Engineer,Indium Software,Chennai,1-4 Yrs,1.0,4.0,0-2 Years (Fresher),Performance Tuning | Data Validation | Git | Data Modeling | Analytical | Machine Learning | Data Processing | Apache,8,3+ weeks ago,https://www.naukri.com/job-listings-data-scientist-data-engineer-data-analyst-indium-software-chennai-1-to-4-years-211125500337,2026-06-03T20:31:59.425832
5d2ad9f70602,Data Scientist,Data Scientist,UPS Supply Chain Solutions (UPS SCS),Chennai,3-7 Yrs,3.0,7.0,3-5 Years (Mid),Unix | Performance Tuning | C++ | Data Analysis | Linux | Data Management | Windows | Open Source,8,3+ weeks ago,https://www.naukri.com/job-listings-data-scientist-ups-pvt-ltd-chennai-3-to-7-years-190224501817,2026-06-03T20:31:59.455276
ea3b93f1fe2b,Data Scientist,Data Scientist,Shell Pvt Ltd,Chennai,6-8 Yrs,6.0,8.0,6-10 Years (Senior),Mining | Sap | Renewable Energy | Lng | Analytical | Monitoring | Analytics | SQL,8,3+ weeks ago,https://www.naukri.com/job-listings-data-scientist-shell-pvt-ltd-chennai-6-to-8-years-160226500207,2026-06-03T20:31:59.456304
2a30684b3035,Data Scientist - Gen AI + NLP & ML,NLP Engineer,Tiger Analytics,Chennai,4-9 Yrs,4.0,9.0,3-5 Years (Mid),Generative AI | NLP | Machine Learning | Python | SQL | Data Science | Artificial Intelligence,7,1 week ago,https://www.naukri.com/job-listings-data-scientist-gen-ai-nlp-ml-tiger-analytics-chennai-4-to-9-years-230226011427,2026-06-03T20:31:59.459971
ef4c87c27a97,Senior Data Scientist,Data Scientist,Caterpillar Inc,Chennai,6-11 Yrs,6.0,11.0,6-10 Years (Senior),NLP | Marketing Analytics | Google Analytics | People Development | Machine Learning | Agile | Heavy Equipment | Data Mining,8,3+ weeks ago,https://www.naukri.com/job-listings-senior-data-scientist-caterpillar-brazil-chennai-6-to-11-years-160126501993,2026-06-03T20:31:59.464531
5d8f9b764267,"Senior - Data Scientist Python, R, SQL, EDA, GCP",Data Scientist,UPS Supply Chain Solutions (UPS SCS),Chennai,5-10 Yrs,5.0,10.0,3-5 Years (Mid),Unix | Computer Science | C++ | Data Analysis | Linux | Windows | Open Source | Analytics,8,3+ weeks ago,https://www.naukri.com/job-listings-senior-data-scientist-python-r-sql-eda-gcp-ups-pvt-ltd-chennai-5-to-10-years-300925504207,2026-06-03T20:31:59.467556
9a6d7ce1a0b5,Data Scientist,Data Scientist,Altimetrik,Chennai,2-6 Yrs,2.0,6.0,0-2 Years (Fresher),Python | Data Science | Artificial Intelligence | NLP | Aiml | Machine Learning | Data | Intelligence,8,2 days ago,https://www.naukri.com/job-listings-data-scientist-altimetrik-chennai-2-to-6-years-010626014047,2026-06-03T20:31:59.477688
fb0ecfbb6689,Data Scientist,Data Scientist,Codincity Digital Technologies,Chennai,4-8 Yrs,4.0,8.0,3-5 Years (Mid),Pdf | Cloud Management | Cloud | Data Governance | Performance Optimization | Deployment | Data Processing | Management,8,2 days ago,https://www.naukri.com/job-listings-data-scientist-codincity-digital-technologies-chennai-4-to-8-years-010626503913,2026-06-03T20:31:59.479653
d7e4ef32e481,Data Scientist,Data Scientist,Neowaretechnology Solutions,Chennai,2-7 Yrs,2.0,7.0,0-2 Years (Fresher),Machine Learning | Data Science | Python | Generative AI | Architecture | Artificial Intelligence | NLP | Bi Tools,8,1 day ago,https://www.naukri.com/job-listings-data-scientist-neowaretechnology-solutions-chennai-2-to-7-years-020626920293,2026-06-03T20:31:59.480682
d1458b9c37a7,Data Scientist,Data Scientist,Capgemini,Chennai,4-7 Yrs,4.0,7.0,3-5 Years (Mid),Data Scientist | S3 | Compliance | Cassandra | Ai | Kafka | Machine Learning | Devops,8,5 days ago,https://www.naukri.com/job-listings-data-scientist-capgemini-technology-services-india-limited-chennai-4-to-7-years-290526905163,2026-06-03T20:31:59.483707
709c7ca25124,"Data Science Engineer - SQL, Python or R",Data Scientist,Adobe,Noida,5-10 Yrs,5.0,10.0,3-5 Years (Mid),Product Management | Adobe Acrobat | Data Analysis | Excel | Adobe Analytics | Analytical | Adobe | Analytics,8,3+ weeks ago,https://www.naukri.com/job-listings-data-science-engineer-sql-python-or-r-adobe-systems-india-pvt-ltd-noida-5-to-10-years-220426502507,2026-06-03T20:32:12.223120
4de0b20da881,Data Analyst,Data Analyst,Magic Bus,Noida,3-8 Yrs,3.0,8.0,3-5 Years (Mid),Data Analysis | Data Management | Dashboard Development | Data Mining | Presentation Skills | Pivot Table | Vlookup | Analysis,8,3+ weeks ago,https://www.naukri.com/job-listings-data-analyst-magic-bus-noida-3-to-8-years-280125500558,2026-06-03T20:32:12.226185
5a1d3931e887,Data Engineering Manager,Data Engineer,Iris Software,Noida,10-12 Yrs,10.0,12.0,6-10 Years (Senior),PySpark | Data Engineering | Etl | AWS | Python | Big Data | Spark | Data Modeling,8,1 day ago,https://www.naukri.com/job-listings-data-engineering-manager-iris-software-noida-pune-gurugram-10-to-12-years-030326022214,2026-06-03T20:32:12.258782
bcba967e733f,Data Engineer/Senior Data Engineer- Azure DigiOps,Data Engineer,Fractal Analytics,Noida,2-5 Yrs,2.0,5.0,0-2 Years (Fresher),Change Management | Automation | Coding | Data Processing | Troubleshooting | Operations | Technical Support | Analytics,8,3+ weeks ago,https://www.naukri.com/job-listings-data-engineer-senior-data-engineer-azure-digiops-fractal-analytics-ltd-noida-2-to-5-years-120326501727,2026-06-03T20:32:12.259999
58641546840e,Lead Data Engineer,Data Engineer,Provana,Noida,8-12 Yrs,8.0,12.0,6-10 Years (Senior),Data Engineering | Delta Lake | Python | PySpark | Data Bricks | SQL | Data | Bricks,8,1 week ago,https://www.naukri.com/job-listings-lead-data-engineer-provana-noida-8-to-12-years-100426008269,2026-06-03T20:32:12.262906
886ca7389185,Data Scientist,Data Scientist,Scry Analytics,Noida,3-8 Yrs,3.0,8.0,3-5 Years (Mid),Computer Science | Deep Learning | Advanced Analytics | Data Science | Analytical | Machine Learning | Cloud | Model Development,8,3+ weeks ago,https://www.naukri.com/job-listings-data-scientist-scry-analytics-noida-3-to-8-years-120326502255,2026-06-03T20:32:12.263905
bcb6df47abaa,Big Data - Senior Engineer,Other,Iris Software,Noida,5-10 Yrs,5.0,10.0,3-5 Years (Mid),Big Data | Cloudera | Python | Software Development | Database Programming | Spark | Scala | Programming,8,3+ weeks ago,https://www.naukri.com/job-listings-big-data-senior-engineer-iris-software-technologies-private-limited-noida-5-to-10-years-040526914878,2026-06-03T20:32:12.265904
13a321b7ebab,Data Scientist/AI Role JD (DataBricks),Data Engineer,Sparix Global,Noida,7-8 Yrs,7.0,8.0,6-10 Years (Senior),Loop | Delivery Management | Usage | Orchestration | Architecture | Data Processing | Content Generation | Deployment,8,Few hours ago,https://www.naukri.com/job-listings-data-scientist-ai-role-jd-databricks-sparix-global-private-limited-noida-7-to-8-years-030626505084,2026-06-03T20:32:12.266904
959040dac249,Data Scientist,Data Scientist,Insurity,Noida,2-6 Yrs,2.0,6.0,0-2 Years (Fresher),Data Science | Predictive Modeling | Logistic Regression | Decision Tree | Xgboost | Statistics | Time Series | Python,8,1 day ago,https://www.naukri.com/job-listings-data-scientist-insurity-noida-2-to-6-years-020626007025,2026-06-03T20:32:12.269907
abcae975fe08,Data Scientist,Data Scientist,Optum,Noida,2-7 Yrs,2.0,7.0,0-2 Years (Fresher),Data Scientist | Azure | Data Engineering | Use Cases | NLP | Feature Engineering | Ai | Regression,8,5 days ago,https://www.naukri.com/job-listings-data-scientist-optum-global-solutions-india-private-limited-noida-2-to-7-years-290526920424,2026-06-03T20:32:12.277017
b34e1290ec20,Data Scientist,Data Scientist,Optum,Noida,5-8 Yrs,5.0,8.0,3-5 Years (Mid),Data Scientist | TensorFlow | Azure | Performance Optimization | Architecture | Use Cases | Feature Engineering | Ai,8,5 days ago,https://www.naukri.com/job-listings-data-scientist-optum-global-solutions-india-private-limited-noida-5-to-8-years-290526920440,2026-06-03T20:32:12.278018
bd1652e66d61,Data Scientist,Data Scientist,Optum,Noida,3-8 Yrs,3.0,8.0,3-5 Years (Mid),Data Scientist | Azure | Performance Optimization | Use Cases | Feature Engineering | Ai | Programming | Data Extraction,8,5 days ago,https://www.naukri.com/job-listings-data-scientist-optum-global-solutions-india-private-limited-noida-3-to-8-years-290526920598,2026-06-03T20:32:12.286966
deae411e19bf,Data Scientist - 6-10 yr - Delhi,Data Scientist,Tata Consultancy Services,Noida,6-10 Yrs,6.0,10.0,6-10 Years (Senior),Data Science | Python | PyTorch | Power BI | Data Visualization | Machine Learning | Deep Learning | SQL,8,1 week ago,https://www.naukri.com/job-listings-data-scientist-6-10-yr-delhi-tata-consultancy-services-noida-new-delhi-delhi-ncr-6-to-10-years-250526022750,2026-06-03T20:32:12.290477
f87e22ea7c7b,Data Scientist,Data Scientist,Ltimindtree,Noida,5-8 Yrs,5.0,8.0,3-5 Years (Mid),Data Science | Python | Azure | Artificial Intelligence | NLP | Aiml | Machine Learning | Deep Learning,8,6 days ago,https://www.naukri.com/job-listings-data-scientist-ltimindtree-noida-hyderabad-bengaluru-5-to-8-years-280526000065,2026-06-03T20:32:12.293445
8e954506ab51,Data Scientist,Data Scientist,Vrinda Global,Noida,5-10 Yrs,5.0,10.0,3-5 Years (Mid),LangChain | Finance | Agentic Ai | Finance Process | O2C | Kafka | LLMs | P2P,8,5 days ago,https://www.naukri.com/job-listings-data-scientist-vrinda-global-noida-pune-gurugram-5-to-10-years-290526001844,2026-06-03T20:32:12.294439
0f28d2df2a21,Data Scientist (Software Delivery Analyst - Optimus AI),Data Scientist,Mckinsey & Company,Gurgaon,1-5 Yrs,1.0,5.0,0-2 Years (Fresher),Machine Learning Operations | Python | Predictive Modeling | Data Science | Devops Ci Cd | Devops | NLP | Machine Learning,8,1 week ago,https://www.naukri.com/job-listings-data-scientist-software-delivery-analyst-optimus-ai-mckinsey-company-gurugram-bengaluru-1-to-5-years-090226029210,2026-06-03T20:32:25.505776
d12a49475419,"Data Scientist III, Product Analytics",Data Scientist,Expedia,Gurgaon,5-10 Yrs,5.0,10.0,3-5 Years (Mid),Computer Science | Prototype | Analytical | Product Design | Data Quality | Monitoring | Analytics | Testing,8,3+ weeks ago,https://www.naukri.com/job-listings-data-scientist-iii-product-analytics-expedia-group-gurugram-5-to-10-years-060426502628,2026-06-03T20:32:25.508868
95825af6ef1d,"Manager, Data Scientist",Data Scientist,Mastercard,Gurgaon,10-12 Yrs,10.0,12.0,6-10 Years (Senior),Mining | Data Management | Strategic Partnerships | Information Security | Machine Learning | Data Structures | Continuous Improvement | SQL,8,3+ weeks ago,https://www.naukri.com/job-listings-manager-data-scientist-mastercard-gurugram-10-to-12-years-010426504105,2026-06-03T20:32:25.539151
c8d60ae78874,Data Scientist,Data Scientist,Mckinsol Consulting,Gurgaon,5-6 Yrs,5.0,6.0,3-5 Years (Mid),Data Science | Power BI | Data Visualization | Machine Learning | Python | SQL | Machine | Science,8,2 days ago,https://www.naukri.com/job-listings-data-scientist-mckinsol-consulting-gurugram-delhi-ncr-5-to-6-years-010626014156,2026-06-03T20:32:25.568501
29ddce9e06a1,Data Analyst,Data Analyst,Indium Software,Bangalore,1-5 Yrs,1.0,5.0,0-2 Years (Fresher),Basic | Tableau | Analytical | Data Processing | Power BI | Data Analyst | Data Visualization | Stakeholder Management,8,3+ weeks ago,https://www.naukri.com/job-listings-data-analyst-indium-software-bengaluru-1-to-5-years-210426501246,2026-06-03T20:32:39.759199
d6d864fd5944,"Data Steward, Analyst/Associate",Other,Goldman Sachs,Bangalore,0-3 Yrs,0.0,3.0,0-2 Years (Fresher),Automation | Data Management | Wealth Management | Analytical | Mutual Funds | Reconciliation | Asset Management | Macros,8,3+ weeks ago,https://www.naukri.com/job-listings-data-steward-analyst-associate-goldman-sachs-bengaluru-0-to-3-years-200426503595,2026-06-03T20:32:39.761195
f17b58514b4f,Data Analyst,Data Analyst,TVS Motor,Bangalore,2-3 Yrs,2.0,3.0,0-2 Years (Fresher),Python | Data Analysis | Mathematics | Bi | Strong Analytical Skills | Power BI | Business Analysis | Problem Solving,8,3+ weeks ago,https://www.naukri.com/job-listings-data-analyst-tvs-motor-company-bengaluru-2-to-3-years-010426500928,2026-06-03T20:32:39.762194
61580eb6814c,Data Analyst,Data Analyst,Wonderla Holidays,Bangalore,3-5 Yrs,3.0,5.0,3-5 Years (Mid),D2C | Google Data Studio | R | Google Analytics | Power BI | Business Metrics | Campaign Analytics | Tableau,8,3 weeks ago,https://www.naukri.com/job-listings-data-analyst-wonderla-holidays-bengaluru-3-to-5-years-230326013931,2026-06-03T20:32:39.764194
f96eeaf09bee,Data Analyst - AI & ML,Data Analyst,Kuku Fm,Bangalore,1-3 Yrs,1.0,3.0,0-2 Years (Fresher),Computer Science | Logistic Regression | Data Analysis | Automation | Analytical | Ios App | Workflow | Data Quality,8,3+ weeks ago,https://www.naukri.com/job-listings-data-analyst-ai-ml-kuku-fm-bengaluru-1-to-3-years-121225500427,2026-06-03T20:32:39.766182
9823ea2c88f9,Data Analyst,Data Analyst,Maruti Suzuki,Bangalore,3-8 Yrs,3.0,8.0,3-5 Years (Mid),Data Analysis | Technical Writing | Analytical | Cognos | Data Mining | Cisco | Analytics | Monitoring,8,3+ weeks ago,https://www.naukri.com/job-listings-data-analyst-maruti-suzuki-india-limited-bengaluru-3-to-8-years-310525501658,2026-06-03T20:32:39.769284
2b8d60267c5d,Data Analyst,Data Analyst,Tata Consultancy Services,Pune,4-8 Yrs,4.0,8.0,3-5 Years (Mid),Data Analysis | Data Warehousing | Data Analytics | SQL | Data | Analysis | Warehouse | Analytics,8,3+ weeks ago,https://www.naukri.com/job-listings-data-analyst-tata-consultancy-services-pune-bengaluru-4-to-8-years-040526032274,2026-06-03T20:32:39.770795
717a54a0a2d3,Data Analyst,Data Analyst,Kiya.ai,Bangalore,3-7 Yrs,3.0,7.0,3-5 Years (Mid),Power BI | Data Analysis | Tableau | SQL | Capital Market | Investment Banking | Risk Assessment | Risk,8,2 weeks ago,https://www.naukri.com/job-listings-data-analyst-kiya-ai-bengaluru-mumbai-all-areas-3-to-7-years-200326006395,2026-06-03T20:32:39.772806
afc55e04d763,Staff Data Analyst,Data Analyst,Enphase Energy,Bangalore,8-12 Yrs,8.0,12.0,6-10 Years (Senior),Automation | Data Management | Analytical | Process Improvement | Data Structures | Information Technology | Monitoring | SQL,8,3+ weeks ago,https://www.naukri.com/job-listings-staff-data-analyst-enphase-energy-bengaluru-8-to-12-years-080126501434,2026-06-03T20:32:39.774930
caa63801986e,"Auth Fraud Supervisor- Data Analyst, UIDAI/Bengaluru",Data Analyst,National Institute for Smart Government (NISG),Bangalore,6-10 Yrs,6.0,10.0,6-10 Years (Senior),Data Analysis | Fraud Management | Python | SQL | Fraud Analytics | R | Identity Fraud | Business Analysis,8,1 week ago,https://www.naukri.com/job-listings-auth-fraud-supervisor-data-analyst-uidai-bengaluru-national-institute-for-smart-government-nisg-bengaluru-6-to-10-years-300126034060,2026-06-03T20:32:39.776931
bc7ba1c048c6,Engineer I - Postgres Developer and Data Analyst,Data Analyst,American Express Global Business Travel,Bangalore,5-10 Yrs,5.0,10.0,3-5 Years (Mid),Data Migration | Data Analysis | Expense Management | Analytical | Customer Service | Business Intelligence | Operations | Analytics,8,3+ weeks ago,https://www.naukri.com/job-listings-engineer-i-postgres-developer-and-data-analyst-american-express-global-business-travel-bengaluru-5-to-10-years-110326505861,2026-06-03T20:32:39.777932
4d9256a88efc,Data Analyst,Data Analyst,Bima Kavach,Bangalore,1-3 Yrs,1.0,3.0,0-2 Years (Fresher),Database Maintenance | Python | Data Analysis | Data Analytics | Predictive Analytics | Problem Solving | Machine Learning | Dashboards,8,Few hours ago,https://www.naukri.com/job-listings-data-analyst-bimakavach-bengaluru-1-to-3-years-030626501531,2026-06-03T20:32:39.779932
96434ae64dbc,Data Analyst,Data Analyst,Tata Consultancy Services,Pune,4-8 Yrs,4.0,8.0,3-5 Years (Mid),Power BI | Data Analyst | Tableau | SQL | Data Analytics | Hadoop | GCP | Data Analysis,8,2 weeks ago,https://www.naukri.com/job-listings-data-analyst-tata-consultancy-services-pune-bengaluru-4-to-8-years-190526010408,2026-06-03T20:32:39.782935
f55c63820cef,Data Analyst,Data Analyst,TMF Group,Pune,4-9 Yrs,4.0,9.0,3-5 Years (Mid),Excel | Advanced Excel | Financial Analysis | Power BI | Data Analysis | Data Analytics | Data | Analytics,8,5 days ago,https://www.naukri.com/job-listings-data-analyst-tmf-group-pune-bengaluru-delhi-ncr-4-to-9-years-140526020663,2026-06-03T20:32:39.784920
bf2a16f31e17,Data Analyst,Data Analyst,Innova Solutions,Hyderabad,7-12 Yrs,7.0,12.0,6-10 Years (Senior),Banking Analytics | Data Analytics | Python | SQL | Segmentation | Data Analysis | Data | Analytics,8,Few hours ago,https://www.naukri.com/job-listings-data-analyst-innova-solutions-hyderabad-bengaluru-greater-noida-7-to-12-years-280426010915,2026-06-03T20:32:39.787919
75f4ae69faf6,Online Data Analyst - Kannada,Data Analyst,TELUS Digital,Remote,0-2 Yrs,0.0,2.0,0-2 Years (Fresher),Data Analysis | Mapping | Online Data Analysis | Quality Assurance | Ai Models | Machine Learning | Assurance | Quality,8,2 days ago,https://www.naukri.com/job-listings-online-data-analyst-kannada-telus-digital-bengaluru-0-to-2-years-040325916691,2026-06-03T20:32:39.790922
343de5106571,Data Analyst,Data Analyst,Acciojob,Chennai,0-2 Yrs,0.0,2.0,0-2 Years (Fresher),Data Analytics | Power BI | Statistics | Python | SQL | Data Analysis | Analytics | Data,8,1 week ago,https://www.naukri.com/job-listings-data-analyst-acciojob-chennai-bengaluru-0-to-2-years-260526033652,2026-06-03T20:32:39.792921
01aa6801d96d,Data Analyst,Data Analyst,LKQ India,Bangalore,3-6 Yrs,3.0,6.0,3-5 Years (Mid),Power BI | Advanced Excel | Financial Analytics | Stock Valuation | Data Analytics | Data Wrangling | Data Cleansing | Tableau,8,5 days ago,https://www.naukri.com/job-listings-data-analyst-lkq-india-bengaluru-3-to-6-years-290526012009,2026-06-03T20:32:39.795922
343fb38d212c,Data Analyst,Data Analyst,Nineleaps,Bangalore,2-4 Yrs,2.0,4.0,0-2 Years (Fresher),Automation | Product Engineering | Analytical | Data Analyst | Data Analytics | Business Intelligence | Analytics | SQL,8,5 days ago,https://www.naukri.com/job-listings-data-analyst-nineleaps-bengaluru-2-to-4-years-290526505346,2026-06-03T20:32:39.798920
1d771c34eaeb,Data Analyst,Data Analyst,Financial Service,Bangalore,5-10 Yrs,5.0,10.0,3-5 Years (Mid),O2C | Sap | Order To Cash | Data Analytics | Crm | Genesys | Data Quality | Siebel,8,6 days ago,https://www.naukri.com/job-listings-data-analyst-purview-services-bengaluru-5-to-10-years-280526928136,2026-06-03T20:32:39.800925
654741c50e9c,Data & Business analyst-Hyderabad only,Data Analyst,PwC Service Delivery Center,Hyderabad,5-9 Yrs,5.0,9.0,3-5 Years (Mid),Requirement Gathering | Data Analysis | Data Warehousing | Business Analyst | SQL | Business Analysis | Analysis | Data,8,1 week ago,https://www.naukri.com/job-listings-data-business-analyst-hyderabad-only-pwc-service-delivery-center-hyderabad-5-to-9-years-180326000265,2026-06-03T20:32:51.357445
416010c79a8e,Data Analyst,Data Analyst,Indium Software,Hyderabad,1-4 Yrs,1.0,4.0,0-2 Years (Fresher),Sql Queries | Basic | Automation | Database | Data Structures | Data Processing | Data Analyst | Data Visualization,8,3+ weeks ago,https://www.naukri.com/job-listings-data-analyst-indium-software-hyderabad-1-to-4-years-060326505531,2026-06-03T20:32:51.360940
beba87b5d2f4,HR Senior Data Analyst,Data Analyst,Hitachi,Hyderabad,3-7 Yrs,3.0,7.0,3-5 Years (Mid),Hr Metrics | Bi | Power BI | Pivot Table | Powerpoint | SQL | Communication Skills | Metrics,8,3+ weeks ago,https://www.naukri.com/job-listings-hr-senior-data-analyst-hitachi-ltd-hyderabad-3-to-7-years-220525504229,2026-06-03T20:32:51.362960
8300070b17f7,Data Analyst - 5th Mar (Thursday)- Virtual Interview- Pan India,Data Analyst,Tata Consultancy Services,Hyderabad,8-13 Yrs,8.0,13.0,6-10 Years (Senior),Azure Synapse | SQL | Power BI | Data Modeling | Data | Interviewing | Data Analysis | Modeling,8,1 day ago,https://www.naukri.com/job-listings-data-analyst-5th-mar-thursday-virtual-interview-pan-india-tata-consultancy-services-kolkata-hyderabad-india-8-to-13-years-190226007827,2026-06-03T20:32:51.363983
2d7c437875bf,Data Analytics Senior Analyst,Other,Salesforce,Hyderabad,2-5 Yrs,2.0,5.0,0-2 Years (Fresher),Data Analysis | Tableau | Data Modeling | Data Analytics | Professional Services | Operations | Crm | SQL,8,3+ weeks ago,https://www.naukri.com/job-listings-data-analytics-senior-analyst-salesforce-hyderabad-2-to-5-years-120226501272,2026-06-03T20:32:51.365966
7986519c613f,"Data Analyst (SQL, Informatica)",Data Analyst,Infosys,Hyderabad,3-8 Yrs,3.0,8.0,3-5 Years (Mid),Data Analysis | Informatica | Etl | SQL | Data Analytics | Analysis | Analytics | Data,8,3+ weeks ago,https://www.naukri.com/job-listings-data-analyst-sql-informatica-infosys-hyderabad-3-to-8-years-230426033500,2026-06-03T20:32:51.368961
2c7c447d6202,Data Analyst/ Data Modeler,Data Analyst,Capgemini,Hyderabad,13-16 Yrs,13.0,16.0,10+ Years (Lead/Principal),Ai Ml | SQL | Generative AI | Snowflake | Python | Power BI | Synapse Analytics | Tableau,8,3 weeks ago,https://www.naukri.com/job-listings-data-analyst-data-modeler-capgemini-hyderabad-pune-delhi-ncr-13-to-16-years-200126033343,2026-06-03T20:32:51.371482
804a51acac79,Sr. Financial Master Data Analyst,Data Analyst,Warner Bros. Discovery,Hyderabad,5-10 Yrs,5.0,10.0,3-5 Years (Mid),Sap | Project Management | Analytical | Relationship Building | Peoplesoft | Business Planning | Oracle | Business Intelligence,8,3+ weeks ago,https://www.naukri.com/job-listings-sr-financial-master-data-analyst-warner-bros-discovery-hyderabad-5-to-10-years-200126508877,2026-06-03T20:32:51.376481
723acef88786,Senior Data Analyst,Data Analyst,Thomson Reuters,Hyderabad,6-8 Yrs,6.0,8.0,6-10 Years (Senior),Career Development | Data Analysis | Automation | Analytical | Consulting | Business Strategy | Business Intelligence | Continuous Improvement,8,3+ weeks ago,https://www.naukri.com/job-listings-senior-data-analyst-sureprep-india-pvt-ltd-hyderabad-6-to-8-years-300126506689,2026-06-03T20:32:51.378496
0415ee3f017f,Data Analyst,Data Analyst,CES LTD,Hyderabad,3-6 Yrs,3.0,6.0,3-5 Years (Mid),Data Visualization | Tableau | Data Analytics | SQL | Data Analysis | Analytics | Data,7,Today,https://www.naukri.com/job-listings-data-analyst-ces-ltd-hyderabad-3-to-6-years-030626018814,2026-06-03T20:32:51.379591
e8fbaf097d3a,Data Analyst,Data Analyst,Acciojob,Hyderabad,0-2 Yrs,0.0,2.0,0-2 Years (Fresher),Power BI | Data Analytics | SQL | Data Analysis | Data Visualization | Machine Learning | Python | Machine,8,1 week ago,https://www.naukri.com/job-listings-data-analyst-acciojob-noida-hyderabad-pune-0-to-2-years-260526033072,2026-06-03T20:32:51.384452
dbf4056e33d3,Data Analyst - Invoice 360,Data Analyst,Mostedge,Hyderabad,1-3 Yrs,1.0,3.0,0-2 Years (Fresher),Power BI | Advanced Ms Excel | Tableau | Data Analytics | Python | Data Analysis | Data Validation | Mathematics,8,1 week ago,https://www.naukri.com/job-listings-data-analyst-invoice-360-mostedge-hyderabad-1-to-3-years-250526928630,2026-06-03T20:32:51.387014
378fa0130c50,Data Analyst,Data Analyst,Magellanic Cloud,Hyderabad,5-8 Yrs,5.0,8.0,3-5 Years (Mid),Data Validation | Azure Data Factory | Databricks | Etl | SQL | Data Lakehouse | Python | Azure,8,2 days ago,https://www.naukri.com/job-listings-data-analyst-magellanic-cloud-hyderabad-pune-bengaluru-5-to-8-years-010626002873,2026-06-03T20:32:51.388047
2ec111eb2e3f,Transportation Data Analyst,Data Analyst,Azure Power,Hyderabad,3-7 Yrs,3.0,7.0,3-5 Years (Mid),Python | Macros | Data Analysis | Data Analytics | Data Management | Pivot Table | Power BI | Business Analysis,8,6 days ago,https://www.naukri.com/job-listings-transportation-data-analyst-azure-power-hyderabad-3-to-7-years-280526501725,2026-06-03T20:32:51.390046
8acd8dc56fed,Data Analyst - AI & Bedrock Specialization,Data Analyst,Tekskills india,Hyderabad,5-10 Yrs,5.0,10.0,3-5 Years (Mid),Bedrock | NLP | Data Analysis | Data Analytics | Machine Learning | Languages | Processing,7,5 days ago,https://www.naukri.com/job-listings-data-analyst-ai-bedrock-specialization-tekskills-hyderabad-5-to-10-years-290526917085,2026-06-03T20:32:51.391046
29ccb5dad785,Data Analyst,Data Analyst,Lloyds Technology Centre India,Hyderabad,8-15 Yrs,8.0,15.0,6-10 Years (Senior),Customer Advisor | Change Management | Data Management | Management Systems | It Security | Strategic Planning | Support Services | Data Analyst,8,1 week ago,https://www.naukri.com/job-listings-data-analyst-lloyds-technology-centre-india-hyderabad-8-to-15-years-260526503203,2026-06-03T20:32:51.392047
2bea014b4920,Data Analyst,Data Analyst,TechBlocks,Hyderabad,5-10 Yrs,5.0,10.0,3-5 Years (Mid),Data Analyst | Power BI | Debugging | NLP | Ai | Looker | Machine Learning | Statistics,8,2 days ago,https://www.naukri.com/job-listings-data-analyst-techblocks-consulting-pvt-ltd-hyderabad-ahmedabad-5-to-10-years-010626922994,2026-06-03T20:32:51.394046
6678d62b3bbe,Data Analyst,Data Analyst,Capgemini,Hyderabad,6-10 Yrs,6.0,10.0,6-10 Years (Senior),Data Analyst | PySpark | Banking Domain | Python | Data Validation | Hadoop | User Acceptance | Agile Process,8,6 days ago,https://www.naukri.com/job-listings-data-analyst-capgemini-hyderabad-chennai-bengaluru-6-to-10-years-280526019457,2026-06-03T20:32:51.395046
453e4a0a4c10,Data Analyst - (Immediate Joiners preferred),Data Analyst,Capita,Pune,1-5 Yrs,1.0,5.0,0-2 Years (Fresher),Power BI | Advanced Excel | Machine Learning | Python | R | Data Visualization | Tableau | Data Analysis,8,Few hours ago,https://www.naukri.com/job-listings-data-analyst-immediate-joiners-preferred-capita-pune-mumbai-all-areas-1-to-5-years-140526016202,2026-06-03T20:33:04.920179
38d911881960,Data Analyst,Data Analyst,Barclays,Pune,2-7 Yrs,2.0,7.0,0-2 Years (Fresher),Data Analysis | Automation | Sas | Data Management | Senior Analyst | Analytical | Reconciliation | Operations,8,3+ weeks ago,https://www.naukri.com/job-listings-data-analyst-barclays-shared-services-pune-2-to-7-years-280426502635,2026-06-03T20:33:04.921183
21835512fc08,Data Analyst,Data Analyst,Barclays,Pune,1-8 Yrs,1.0,8.0,0-2 Years (Fresher),Unix | Linux | Analytical | Scheduling | Business Strategy | Assistant Vice President | Oracle | Stakeholder Management,8,3+ weeks ago,https://www.naukri.com/job-listings-data-analyst-barclays-shared-services-pune-1-to-8-years-020226502112,2026-06-03T20:33:04.922705
ec2c2197740e,Technical Data Analyst,Data Analyst,bp,Pune,3-6 Yrs,3.0,6.0,3-5 Years (Mid),Power BI | Data Storytelling | Data Analytics | SQL | Python | Data Visualization | Data Analysis | Technical Analysis,8,1 day ago,https://www.naukri.com/job-listings-technical-data-analyst-bp-pune-3-to-6-years-170426027805,2026-06-03T20:33:04.925857
36b19f52c792,Senior Data Quality Analyst,Other,Crisil,Pune,5-8 Yrs,5.0,8.0,3-5 Years (Mid),Data Cleansing | Production Support | Analytical | Data Quality | Asset Management | Troubleshooting | Microsoft | Operations,8,3+ weeks ago,https://www.naukri.com/job-listings-senior-data-quality-analyst-crisil-pune-5-to-8-years-100326501163,2026-06-03T20:33:04.928867
77d9496558b0,GSS Data Analyst,Data Analyst,Schlumberger India Technology Centre Pvt. Ltd,Pune,5-10 Yrs,5.0,10.0,3-5 Years (Mid),Service Delivery | Psd | Safety Training | Data Analyst | Hse | Sensors | Risk Analysis | Monitoring,8,3+ weeks ago,https://www.naukri.com/job-listings-gss-data-analyst-schlumberger-india-technology-centre-pvt-ltd-pune-5-to-10-years-250226501120,2026-06-03T20:33:04.930890
3d93d7dd1351,Senior Data Analyst,Data Analyst,Crisil,Pune,4-8 Yrs,4.0,8.0,3-5 Years (Mid),Loans | Remediation | Fund Accounting | Data Validation | Reconciliation | Senior Data Analyst | Data Governance | Data Quality,8,3+ weeks ago,https://www.naukri.com/job-listings-senior-data-analyst-crisil-pune-4-to-8-years-210226501326,2026-06-03T20:33:04.932891
b567262702b8,Data Analyst,Data Analyst,MNC,Pune,0-2 Yrs,0.0,2.0,0-2 Years (Fresher),Google Sheets | Power BI | Ms Office | SQL | Data Analytics | Large Databases | Google Data Studio | Data Vis,8,1 day ago,https://www.naukri.com/job-listings-data-analyst-tele-infotech-pimpri-chinchwad-pune-0-to-2-years-020626028320,2026-06-03T20:33:04.934269
35fb43c528b7,Data Analyst,Data Analyst,Ample Softech System,Pune,0-3 Yrs,0.0,3.0,0-2 Years (Fresher),Power BI | Data Visualization | Data Analytics | Data Management | Tableau | SQL | Data Analysis | Analytics,8,5 days ago,https://www.naukri.com/job-listings-data-analyst-ample-softech-system-nagpur-pune-0-to-3-years-270426007790,2026-06-03T20:33:04.938689
5c5f0ea27b1a,Data Analyst,Data Analyst,bp,Pune,3-6 Yrs,3.0,6.0,3-5 Years (Mid),Power BI | Data Visualization | Data Analytics | SQL | Data Analysis | Analytics | Data | Bi,8,4 days ago,https://www.naukri.com/job-listings-data-analyst-bp-pune-3-to-6-years-290526024827,2026-06-03T20:33:04.941685
45d773521566,Data Analyst,Data Analyst,Vanderlande Industries,Pune,3-6 Yrs,3.0,6.0,3-5 Years (Mid),Snowflake | Python | Data Analysis | Sql Queries | Data Analytics | Bi | Presentation Skills | Power BI,8,6 days ago,https://www.naukri.com/job-listings-data-analyst-vanderlande-industries-private-limited-pune-3-to-6-years-280526503603,2026-06-03T20:33:04.946235
f71cdc64adb2,Data Analyst - AI & Bedrock Specialization,Data Analyst,Tekskills india,Pune,5-10 Yrs,5.0,10.0,3-5 Years (Mid),Bedrock | NLP | Data Analysis | Data Analytics | Machine Learning | Process | Languages,7,5 days ago,https://www.naukri.com/job-listings-data-analyst-ai-bedrock-specialization-tekskills-pune-5-to-10-years-290526917082,2026-06-03T20:33:04.947200
42059658d3cb,Data Analyst,Data Analyst,Ocwen Financial Corporation,Pune,6-9 Yrs,6.0,9.0,6-10 Years (Senior),Artificial Intelligence | Machine Learning | SQL | Power BI | Data Analysis | Machine | Data | Bi,8,1 day ago,https://www.naukri.com/job-listings-data-analyst-ocwen-financial-corporation-pune-bengaluru-mumbai-all-areas-6-to-9-years-020626018811,2026-06-03T20:33:04.949199
56c3bcf36e90,IRR Liquidity PBR Data Analyst,Data Analyst,Krazymantra It Solutions,Pune,6-10 Yrs,6.0,10.0,6-10 Years (Senior),Python | Sql Queries | Data Analysis | Data Analytics | Sas | Data Mining | Predictive Analytics | Machine Learning,8,1 week ago,https://www.naukri.com/job-listings-irr-liquidity-pbr-data-analyst-krazymantra-it-solutions-pune-6-to-10-years-260526505709,2026-06-03T20:33:04.950262
07d96949da95,Data Analysts (Senior/Analyst/Associate),Data Analyst,FedEx,Mumbai,0-3 Yrs,0.0,3.0,0-2 Years (Fresher),Computer Science | Analytical Skills | Data Analysis | Manager Quality Assurance | Fedex | Data Modeling | Mis | Genetics,8,3+ weeks ago,https://www.naukri.com/job-listings-data-analysts-senior-analyst-associate-fedex-express-mumbai-0-to-3-years-091225502995,2026-06-03T20:33:18.391464
ea4594841d5f,Data Analyst,Data Analyst,Sbicap Securities,Mumbai,Not Specified,,,Not Specified,Data Analysis | Predictive Modeling | Statistics | Data Analytics | SQL | Python | Predictive Analytics | Predictive,8,2 weeks ago,https://www.naukri.com/job-listings-data-analyst-sbicap-securities-mumbai-2-to-5-years-130426027758,2026-06-03T20:33:18.397479
09176566833c,Associate - Financial Data Analysis,Other,Crisil,Mumbai,1-4 Yrs,1.0,4.0,0-2 Years (Fresher),Data Analysis | Automation | Process Orientation | Financial Analysis | Process Improvement | Analytical | Ms Office | Data Mining,8,3+ weeks ago,https://www.naukri.com/job-listings-associate-financial-data-analysis-crisil-mumbai-1-to-4-years-190326502742,2026-06-03T20:33:18.399481
41300f0902c8,Data Analyst - 10th April - Virtual Interview - Pan India,Data Analyst,Tata Consultancy Services,Mumbai,7-12 Yrs,7.0,12.0,6-10 Years (Senior),Power BI | Tableau | Data Analytics | Data Analysis | Analytics | Interviewing | Bi | Pan,8,1 day ago,https://www.naukri.com/job-listings-data-analyst-10th-april-virtual-interview-pan-india-tata-consultancy-services-bengaluru-mumbai-all-areas-india-7-to-12-years-090426005873,2026-06-03T20:33:18.400479
37accb1d8e32,Senior Data Analyst,Data Analyst,PayU,Mumbai,5-10 Yrs,5.0,10.0,3-5 Years (Mid),Data Analysis | Sas | Risk Analytics | Analytical | Machine Learning | Risk Management | Business Intelligence | Operations,8,3+ weeks ago,https://www.naukri.com/job-listings-senior-data-analyst-payu-india-mumbai-5-to-10-years-011025504051,2026-06-03T20:33:18.409549
4b6f34fc25ef,Data Analyst Lead,Data Analyst,Wartsila,Mumbai,8-13 Yrs,8.0,13.0,6-10 Years (Senior),It Services | Computer Science | Sap | Data Modeling | Data Quality | Information Management | Stakeholder Management | Business Intelligence,8,3+ weeks ago,https://www.naukri.com/job-listings-data-analyst-lead-wartsila-india-ltd-mumbai-8-to-13-years-280825503897,2026-06-03T20:33:18.411548
1cdacd926f01,Data Analyst (English Required),Data Analyst,Peroptyx,Remote,0-5 Yrs,0.0,5.0,0-2 Years (Fresher),Data Analysis | English | Data Analytics | Data Mapping | Analytics | Mapping | Analysis | Data,8,1 day ago,https://www.naukri.com/job-listings-data-analyst-english-required-peroptyx-mumbai-all-areas-0-to-5-years-020626027790,2026-06-03T20:33:18.414546
57be326c7705,Data Analyst,Data Analyst,Isprava,Mumbai,3-5 Yrs,3.0,5.0,3-5 Years (Mid),Excel | Data Analysis | Dashboards | Data Analytics | SQL | Analytics | Analysis | Data,8,1 day ago,https://www.naukri.com/job-listings-data-analyst-isprava-mumbai-3-to-5-years-020626005071,2026-06-03T20:33:18.416548
b69358ea0a58,Data Analyst,Data Analyst,Edgemed Healthcare,Mumbai,1-4 Yrs,1.0,4.0,0-2 Years (Fresher),Database Maintenance | Python | Data Analysis | Data Analytics | Sas | Predictive Analytics | Problem Solving | Process Improvement,8,Few hours ago,https://www.naukri.com/job-listings-data-analyst-edgemed-healthcare-mumbai-1-to-4-years-030626501583,2026-06-03T20:33:18.419547
3f746791f3e3,Python Data Analyst,Data Analyst,Trigyn Technologies,Remote,3-8 Yrs,3.0,8.0,3-5 Years (Mid),Django | Python | SQL | Pandas | Flask | Data Analysis | Python Data | Data,8,Just now,https://www.naukri.com/job-listings-python-data-analyst-trigyn-technologies-mumbai-all-areas-3-to-8-years-030626032654,2026-06-03T20:33:18.422547
72491b01bb3b,Data Analyst,Data Analyst,Talisman Hr Solutions,Mumbai,2-7 Yrs,2.0,7.0,0-2 Years (Fresher),Data Analyst | Python | SQL | Real-World Data Studies | Claims | Data Analysis | Clinical Trial Design | Databricks,8,2 weeks ago,https://www.naukri.com/job-listings-data-analyst-talisman-hr-solutions-mumbai-all-areas-2-to-7-years-200526012583,2026-06-03T20:33:18.424548
2f157ba871a4,Data Analyst,Data Analyst,Sia Partners,Mumbai,3-6 Yrs,3.0,6.0,3-5 Years (Mid),Computer Science | French | Analytical | Data Analyst | Corporate Finance | Ssis | Business Intelligence | Microsoft,8,Few hours ago,https://www.naukri.com/job-listings-data-analyst-sia-partners-mumbai-3-to-6-years-030626502245,2026-06-03T20:33:18.426548
2d7ce4617228,Data Analyst,Data Analyst,Conneqt,Mumbai,9-13 Yrs,9.0,13.0,6-10 Years (Senior),Data Stewardship | Data Management | Data Governance | Business Intelligence | Power BI | Data Cleaning | Master Data Management | Data Analysis,8,1 day ago,https://www.naukri.com/job-listings-data-analyst-conneqt-mumbai-all-areas-9-to-13-years-020626007008,2026-06-03T20:33:18.428545
8bc6cebbea63,Data Analyst,Data Analyst,Unity Small Finance Bank,Navi Mumbai,2-5 Yrs,2.0,5.0,0-2 Years (Fresher),Lending | Portfolio | Funnel Analysis | Data Analytics | Power BI | Data Visualization | Cohort | SQL,8,6 days ago,https://www.naukri.com/job-listings-data-analyst-unity-small-finance-bank-navi-mumbai-2-to-5-years-280526016350,2026-06-03T20:33:18.430544
f8b887e6e35d,Data Analyst,Data Analyst,CarTrade,Navi Mumbai,1-4 Yrs,1.0,4.0,0-2 Years (Fresher),SQL | Power BI | Data Analytics | Data Analysis | Analytics | Data | Bi,7,1 week ago,https://www.naukri.com/job-listings-data-analyst-cartrade-navi-mumbai-1-to-4-years-260526023451,2026-06-03T20:33:18.431544
3b6ff09936c7,Data Analyst,Data Analyst,ti Steps,Mumbai,3-8 Yrs,3.0,8.0,3-5 Years (Mid),Data Analysis | Tableau | Dashboards | Data Analytics | SQL | Bi | Data Visualization | Data,8,2 days ago,https://www.naukri.com/job-listings-data-analyst-ti-steps-mumbai-all-areas-3-to-8-years-010626009064,2026-06-03T20:33:18.434550
19ca4a5364d9,Data Analyst,Data Analyst,Airtel Payments Bank,Gurgaon,2-5 Yrs,2.0,5.0,0-2 Years (Fresher),Power BI | SQL | Python | Oracle Sql | Quicksight | Data Analysis | Data Visualization | Oracle,8,2 weeks ago,https://www.naukri.com/job-listings-data-analyst-airtel-payments-bank-gurugram-2-to-5-years-090226002985,2026-06-03T20:33:32.627122
84f5ac2c168c,Data Analyst,Data Analyst,Snapdeal,Gurgaon,1-6 Yrs,1.0,6.0,0-2 Years (Fresher),Master Data | Python | Metadata | Data Analysis | Data Analytics | Data Management | Configuration | Data Mining,8,3+ weeks ago,https://www.naukri.com/job-listings-data-analyst-jasper-infotech-pvt-ltd-gurugram-1-to-6-years-221025507695,2026-06-03T20:33:32.629120
f3fbe43873d6,Data Analyst,Data Analyst,Square Yards,Gurgaon,2-5 Yrs,2.0,5.0,0-2 Years (Fresher),Tableau | Css | Jquery | Google Analytics | MySQL | Javascript | Power BI | Html,8,3+ weeks ago,https://www.naukri.com/job-listings-data-analyst-square-yards-gurugram-2-to-5-years-270723500414,2026-06-03T20:33:32.630122
49a979defc7a,Data Ops DQ Analyst,Other,Barclays,Noida,1-7 Yrs,1.0,7.0,0-2 Years (Fresher),Financial Statements | Senior Analyst | Analytical | Finance | Service Excellence | Data Quality | Financial Risk Management | Data Visualization,8,3+ weeks ago,https://www.naukri.com/job-listings-data-ops-dq-analyst-barclays-shared-services-noida-1-to-7-years-181125503637,2026-06-03T20:33:32.633121
7f8494facc66,"Senior Data Analyst (Advanced SQL, PowerBI)",Data Analyst,Gartner for HR,Gurgaon,3-5 Yrs,3.0,5.0,3-5 Years (Mid),Computer Science | Data Analysis | Business Analysis | Scrum | Business Intelligence | Jira | Analytics | SQL,8,3+ weeks ago,https://www.naukri.com/job-listings-senior-data-analyst-advanced-sql-powerbi-gartner-for-hr-gurugram-3-to-5-years-240426504090,2026-06-03T20:33:32.635121
8571023612be,Data Analyst - Noida,Data Analyst,Optum,Noida,4-8 Yrs,4.0,8.0,3-5 Years (Mid),Hive | PySpark | Delta Lake | Azure | Python | Kubernetes | Adf | Terraform,8,Few hours ago,https://www.naukri.com/job-listings-data-analyst-noida-optum-noida-4-to-8-years-030626027156,2026-06-03T20:33:32.644161
089073968b9c,Data Analyst,Data Analyst,Sourceease Hr Services,Delhi,1-3 Yrs,1.0,3.0,0-2 Years (Fresher),SQL | Power BI | Data Analytics | Data Analysis | Analytics | Data | Bi,7,6 days ago,https://www.naukri.com/job-listings-data-analyst-sourceease-hr-services-delhi-ncr-dwarka-sector-07-1-to-3-years-280526030629,2026-06-03T20:33:32.648151
1c96eda1e09e,Data Analyst,Data Analyst,Shiprocket,Gurgaon,0-1 Yrs,0.0,1.0,0-2 Years (Fresher),Excel | Python | Power BI | Data Analysis | Workflow Automation | Automation | Workflow | Analysis,8,1 day ago,https://www.naukri.com/job-listings-data-analyst-shiprocket-gurugram-0-to-1-years-020626021293,2026-06-03T20:33:32.651596
8a4fe649fae3,Data Analyst,Data Analyst,Concept Kart,Delhi,0-4 Yrs,0.0,4.0,0-2 Years (Fresher),Data Analysis | Power BI | Data Analytics | SQL | Analytics | Bi | Analysis | Data,8,1 week ago,https://www.naukri.com/job-listings-data-analyst-concept-kart-new-delhi-0-to-4-years-260526034727,2026-06-03T20:33:32.653597
135c6c7fc72f,DATA - ANALYST,Other,Justlead.in,Gurgaon,1-4 Yrs,1.0,4.0,0-2 Years (Fresher),Python | Data Analysis | Data Analytics | Strong Analytical Skills | Pivot Table | Business Analysis | Vlookup | Machine Learning,8,6 days ago,https://www.naukri.com/job-listings-data-analyst-justlead-solutions-private-limited-gurugram-1-to-4-years-280526502040,2026-06-03T20:33:32.655607
e9969df3c5fc,DATA - ANALYST,Other,Justlead.in,Noida,1-4 Yrs,1.0,4.0,0-2 Years (Fresher),Python | Data Analysis | Data Analytics | Strong Analytical Skills | Pivot Table | Business Analysis | Vlookup | Machine Learning,8,6 days ago,https://www.naukri.com/job-listings-data-analyst-justlead-solutions-private-limited-noida-1-to-4-years-280526502038,2026-06-03T20:33:32.658743
c070d4c717cc,Data Analyst,Data Analyst,TPM Consultants,Delhi,3-7 Yrs,3.0,7.0,3-5 Years (Mid),Database Maintenance | Python | Macros | Data Analysis | Data Analytics | Predictive Analytics | Power BI | Dashboards,8,1 week ago,https://www.naukri.com/job-listings-data-analyst-tpm-consultants-new-delhi-3-to-7-years-270526504626,2026-06-03T20:33:32.660215
ceea8c99b4bd,Data Analyst (With Python),Data Analyst,Coforge,Noida,2-4 Yrs,2.0,4.0,0-2 Years (Fresher),Power BI | AWS | SQL | Healthcare Domain | Python | Tableau | Etl | Data Analytics,8,2 days ago,https://www.naukri.com/job-listings-data-analyst-with-python-coforge-noida-2-to-4-years-010626001754,2026-06-03T20:33:32.661695
1d1fb9269fe6,Analyst in Finance Data Operations,Other,Barclays,Chennai,2-5 Yrs,2.0,5.0,0-2 Years (Fresher),Financial Statements | Senior Analyst | Analytical | Finance | Service Excellence | Data Quality | Financial Risk Management | Data Visualization,8,3+ weeks ago,https://www.naukri.com/job-listings-analyst-in-finance-data-operations-barclays-shared-services-chennai-2-to-5-years-181125503623,2026-06-03T20:33:45.900689
d1c8e089b358,Data & Business Intelligence Analyst,BI Analyst,UPS Supply Chain Solutions (UPS SCS),Chennai,2-5 Yrs,2.0,5.0,0-2 Years (Fresher),Computer Science | Mis | Business Intelligence Analyst | Ups | Data Quality | Data Mining | Business Intelligence | Technical Support,8,3+ weeks ago,https://www.naukri.com/job-listings-data-business-intelligence-analyst-ups-pvt-ltd-chennai-2-to-5-years-220725502657,2026-06-03T20:33:45.903665
61fe707110ef,Manager Software Engineering-Data Engineering/Data Analysis,Data Engineer,Caterpillar Inc,Chennai,6-10 Yrs,6.0,10.0,6-10 Years (Senior),Data Analysis | Tableau | Usage | Project Estimation | Software Development Life Cycle | Power BI | Software Product Development | Training And Development,8,3+ weeks ago,https://www.naukri.com/job-listings-manager-software-engineering-data-engineering-data-analysis-caterpillar-brazil-chennai-6-to-10-years-311025508607,2026-06-03T20:33:45.904666
e06336f90ab6,Business Analyst Product Management,Data Analyst,Tata Consultancy Services,Chennai,5-10 Yrs,5.0,10.0,3-5 Years (Mid),Product Management | Business Analysis | Product Strategy | Product Life Cycle Management | Life Cycle Management | Product Life Cycle | Management | Life Cycle,8,2 days ago,https://www.naukri.com/job-listings-business-analyst-product-management-tata-consultancy-services-chennai-bengaluru-mumbai-all-areas-5-to-10-years-130426010560,2026-06-03T20:33:45.906681
d8cc0a8ed385,Senior Data Analyst,Data Analyst,Valeo,Chennai,3-6 Yrs,3.0,6.0,3-5 Years (Mid),Analytical Skills | Senior Executive | Artificial Intelligence | Machine Learning | Senior Data Analyst | Corporate | Predictive Modeling | Data Analytics,8,3+ weeks ago,https://www.naukri.com/job-listings-senior-data-analyst-valeo-india-pvt-ltd-chennai-3-to-6-years-270424500984,2026-06-03T20:33:45.907667
c84b1a252697,Data Engineer & Analyst Financial Data Pipelines & Analytics,Data Engineer,DHL Supply Chain,Chennai,3-8 Yrs,3.0,8.0,3-5 Years (Mid),Supply Chain | Computer Science | Data Modeling | Cognos | Machine Learning | Workflow | Data Quality | SQL,8,3+ weeks ago,https://www.naukri.com/job-listings-data-engineer-analyst-financial-data-pipelines-analytics-dhl-global-forwarding-india-chennai-3-to-8-years-270226501140,2026-06-03T20:33:45.909666
c410ef36872e,Senior Business Analyst,Data Analyst,Crisil,Chennai,4-10 Yrs,4.0,10.0,3-5 Years (Mid),Computer Science | Data Analysis | Data Validation | Contract Management | Reconciliation | System Integration | Workflow | Data Mapping,8,3+ weeks ago,https://www.naukri.com/job-listings-senior-business-analyst-crisil-chennai-4-to-10-years-310326500451,2026-06-03T20:33:45.912667
7d390c63144e,Data Analyst,Data Analyst,V Patrol,Chennai,1-4 Yrs,1.0,4.0,0-2 Years (Fresher),Database Maintenance | Data Analysis | Modeling | Bi | Power BI | Problem Solving | Data Integrity | Machine Learning,8,Few hours ago,https://www.naukri.com/job-listings-data-analyst-vpatrol-ai-private-limited-chennai-1-to-4-years-030626505047,2026-06-03T20:33:45.916680
9df7673cd922,Data Analyst,Data Analyst,GS1 India,Chennai,8-13 Yrs,8.0,13.0,6-10 Years (Senior),Power BI | Microsoft Power Bi | Data Management | Azure Data Factory | Data Visualization | Azure Data Warehouse | Bi Tools | Azure Databricks,8,6 days ago,https://www.naukri.com/job-listings-data-analyst-gs1-india-chennai-8-to-13-years-180424012520,2026-06-03T20:33:45.917676
8c4b03964e25,Turbine Data Analyst,Data Analyst,Vestas,Chennai,1-5 Yrs,1.0,5.0,0-2 Years (Fresher),Business Intelligence Reporting | Sap | Social Media | Turbine | Ms Office Tools | Database | Power BI | Wind Energy,8,Few hours ago,https://www.naukri.com/job-listings-turbine-data-analyst-vestas-wind-technology-india-pvt-ltd-chennai-1-to-5-years-030626504308,2026-06-03T20:33:45.918704
45d2b896762b,QC Data Analyst,Data Analyst,Straive,Remote,3-8 Yrs,3.0,8.0,3-5 Years (Mid),Amazon Redshift | AWS | SQL | Python | Qc | Data Analysis | Data,7,4 days ago,https://www.naukri.com/job-listings-qc-data-analyst-straive-chennai-3-to-8-years-300526011902,2026-06-03T20:33:45.920736
2b56baaa037d,Data Analyst,Data Analyst,IBS Software Services,Chennai,2-3 Yrs,2.0,3.0,0-2 Years (Fresher),Python | Data Analysis | Data Analytics | Data Management | Data Mining | Power BI | Pivot Table | Business Analysis,8,1 week ago,https://www.naukri.com/job-listings-data-analyst-ibs-software-chennai-2-to-3-years-210526500634,2026-06-03T20:33:45.923736
3e46069e9b6b,AI / ML - Data Analyst,Data Analyst,Satven,Chennai,5-9 Yrs,5.0,9.0,3-5 Years (Mid),Data Analysis | Backend | Front End | GCP | Django | Software Development Life Cycle | Unit Testing | Sdlc,8,1 day ago,https://www.naukri.com/job-listings-ai-ml-data-analyst-satyam-venture-engineering-services-chennai-5-to-9-years-020626502214,2026-06-03T20:33:45.924742
38eb7bc6df34,Data Analyst,Data Analyst,Bahwan CyberTek,Chennai,3-4 Yrs,3.0,4.0,3-5 Years (Mid),Data Analysis | Manager Quality Assurance | Version Control | Git | Information Security | Data Quality | Analytics | Reporting Tools,8,5 days ago,https://www.naukri.com/job-listings-data-analyst-bahwan-cybertek-chennai-3-to-4-years-290526506217,2026-06-03T20:33:45.925727
4e57a51973e3,Associate Product/ Business Analyst,Data Analyst,Paytm,Noida,1-4 Yrs,1.0,4.0,0-2 Years (Fresher),Telecom | Opex | Data Analysis | Telco | Artificial Intelligence | Vas | Troubleshooting | Operations,8,3+ weeks ago,https://www.naukri.com/job-listings-associate-product-business-analyst-one97-communications-limited-noida-1-to-4-years-130126508213,2026-06-03T20:33:58.975120
5e85fd7174d6,Senior Data Science Engineer,Data Scientist,Adobe,Noida,12-17 Yrs,12.0,17.0,10+ Years (Lead/Principal),Automation | Business Analytics | Analytical | Data Processing | Data Quality | Adobe | Analytics | Monitoring,8,3+ weeks ago,https://www.naukri.com/job-listings-senior-data-science-engineer-adobe-systems-india-pvt-ltd-noida-12-to-17-years-260226506177,2026-06-03T20:33:58.979184
341e3b73672a,Data Analyst,Data Analyst,Claight Corporation Expert Market Research,Noida,0-1 Yrs,0.0,1.0,0-2 Years (Fresher),Data Analysis | Data Analyst | Analysis | Data,4,3+ weeks ago,https://www.naukri.com/job-listings-data-analyst-claight-corporation-expert-market-research-noida-0-to-1-years-190225502681,2026-06-03T20:33:58.984198
e932de724102,Data Analyst,Data Analyst,Coforge,Greater Noida,2-4 Yrs,2.0,4.0,0-2 Years (Fresher),Power BI | Tableau | SQL | Python | Life Sciences | Healthcare Domain | Data Analysis | Dns,8,2 weeks ago,https://www.naukri.com/job-listings-data-analyst-coforge-greater-noida-2-to-4-years-190526012474,2026-06-03T20:33:58.985198
09c1b308079f,Data Analyst,Data Analyst,Facts N Data,Noida,3-6 Yrs,3.0,6.0,3-5 Years (Mid),Metadata | Python | Data Analysis | Data Management | Data Analytics | Data Validation | Configuration | Data Mining,8,3+ weeks ago,https://www.naukri.com/job-listings-data-analyst-facts-n-data-noida-3-to-6-years-230424501594,2026-06-03T20:33:58.991197
9b1835ecaf74,Online Data Analyst Gujarati,Data Analyst,TELUS Digital,Remote,0-5 Yrs,0.0,5.0,0-2 Years (Fresher),Gujarati | Search Engines | Data Management | Data Analysis | Online Maps | Online Research | Map | Engine,8,1 week ago,https://www.naukri.com/job-listings-online-data-analyst-telus-digital-noida-0-to-5-years-110326926277,2026-06-03T20:33:58.993646
043a057102c1,Data Analyst,Data Analyst,Coforge,Noida,2-4 Yrs,2.0,4.0,0-2 Years (Fresher),Power BI | AWS | SQL | Healthcare Domain | Python | Tableau | Etl | Data Analytics,8,5 days ago,https://www.naukri.com/job-listings-data-analyst-coforge-noida-2-to-4-years-160526000014,2026-06-03T20:33:58.995646
9eae2f4548ed,Data Analyst,Data Analyst,Fintech Cloud,Noida,3-7 Yrs,3.0,7.0,3-5 Years (Mid),Python | Metabase | Data Engineering | Power BI | Data Visualization | Tableau | Data Analytics | Etl,8,2 weeks ago,https://www.naukri.com/job-listings-data-analyst-fintech-cloud-noida-3-to-7-years-180526003408,2026-06-03T20:33:58.996952
aa3327327c12,Data Analyst (Python+PowerBI),Data Analyst,Coforge,Greater Noida,1-4 Yrs,1.0,4.0,0-2 Years (Fresher),SQL | Healthcare Domain | Power BI | Snowflake | Tableau | Etl | Python | Dns,8,1 week ago,https://www.naukri.com/job-listings-data-analyst-python-powerbi-coforge-greater-noida-delhi-ncr-1-to-4-years-260526013919,2026-06-03T20:33:59.005780
4d41e30d0e0e,Data Analyst,Data Analyst,Optum,Noida,4-9 Yrs,4.0,9.0,3-5 Years (Mid),Data Analyst | Azure | Agile Methodologies | Ai | Cms | Cloud Platform | Ai Tools | Analytics,8,5 days ago,https://www.naukri.com/job-listings-data-analyst-optum-global-solutions-india-private-limited-noida-4-to-9-years-290526920832,2026-06-03T20:33:59.008942
bce3faed5f67,Data Analyst,Data Analyst,Luxoft,Noida,6-8 Yrs,6.0,8.0,6-10 Years (Senior),Data Analyst | Enterprise Applications | Automation | It Operations | Aviation | It Services | Stakeholder Communication | Analytics,8,5 days ago,https://www.naukri.com/job-listings-data-analyst-luxoft-india-llp-noida-6-to-8-years-290526920607,2026-06-03T20:33:59.010939
7653774ddd25,Data Analyst,Data Analyst,Mindfount Infotech (opc),Noida,3-8 Yrs,3.0,8.0,3-5 Years (Mid),Data Analysis | Marketing Analytics | Tableau | Google Analytics | Statistics | Excel | Power BI | Data Analyst,8,1 week ago,https://www.naukri.com/job-listings-data-analyst-mindfount-infotech-private-limited-opc-noida-3-to-8-years-210526500669,2026-06-03T20:33:59.016331
7a045abfb7f9,Data Analyst,Data Analyst,Rezo,Noida,5-7 Yrs,5.0,7.0,3-5 Years (Mid),Sql Queries | Data Analysis | Database Design | Report Writing | Data Collection | Design Development | Data Analyst | Data Mining,8,1 week ago,https://www.naukri.com/job-listings-data-analyst-rezo-ai-noida-5-to-7-years-250526502266,2026-06-03T20:33:59.018343
8758bc9e8fe0,Tableau Developer / Data Visualization Analyst (BigQuery),BI Analyst,WNS Holdings,Gurgaon,5-10 Yrs,5.0,10.0,3-5 Years (Mid),GCP | Tableau | SQL | Bigquery | Data Visualization | Development | Data | Data Analysis,8,4 days ago,https://www.naukri.com/job-listings-tableau-developer-data-visualization-analyst-bigquery-wns-holdings-gurugram-5-to-10-years-160426018063,2026-06-03T20:34:12.687172
93d3dd969496,Data Scientist,Data Scientist,Maruti Suzuki,Gurgaon,4-9 Yrs,4.0,9.0,3-5 Years (Mid),Data Analysis | Simulation | Time Series Analysis | Signal Processing | Vehicle Dynamics | Telematics | Data Analytics | Automotive,8,3+ weeks ago,https://www.naukri.com/job-listings-data-scientist-maruti-suzuki-india-limited-gurugram-4-to-9-years-010426504110,2026-06-03T20:34:12.692171
611d5bf918be,AM/DM - Data Analyst / Data Scientist / Digital Project Lead,Data Analyst,Maruti Suzuki,Gurgaon,3-9 Yrs,3.0,9.0,3-5 Years (Mid),Data Science | Manufacturing Process | Big Data Analytics | Analytical | Machine Learning | Resource Allocation | Agile | Risk Management,8,3+ weeks ago,https://www.naukri.com/job-listings-am-dm-data-analyst-data-scientist-digital-project-lead-maruti-suzuki-india-limited-gurugram-3-to-9-years-060825503215,2026-06-03T20:34:12.696171
b8d9683df04b,Finance Platform Solutions Data Analyst,Data Analyst,Macquarie,Gurgaon,5-10 Yrs,5.0,10.0,3-5 Years (Mid),Data Analysis | Financial Reporting | Analytical | Equity | Dbms | Technical Support | Financial Services | Reporting Tools,8,3+ weeks ago,https://www.naukri.com/job-listings-finance-platform-solutions-data-analyst-macquarie-global-services-pvt-ltd-gurugram-5-to-10-years-230326502107,2026-06-03T20:34:12.702187
6eab62bf9ad6,Data Privacy Analyst,Other,Max Healthcare,Gurgaon,0-2 Yrs,0.0,2.0,0-2 Years (Fresher),Procurement | Computer Science | Legal Compliance | Information Security | Analytical | Healthcare | Risk Management | Stakeholder Management,8,2 weeks ago,https://www.naukri.com/job-listings-data-privacy-analyst-max-healthcare-institute-ltd-gurugram-0-to-2-years-200526500955,2026-06-03T20:34:12.704188
13496268e800,Data Analyst,Data Analyst,Incedo,Gurgaon,6-10 Yrs,6.0,10.0,6-10 Years (Senior),Power BI | SQL | Life Sciences | Tableau | Pharmaceutical | Data Analysis | Science | Data,8,Few hours ago,https://www.naukri.com/job-listings-data-analyst-incedo-gurugram-6-to-10-years-030626025052,2026-06-03T20:34:12.708416
92c555eeb9ba,Data Analyst,Data Analyst,Incedo,Gurgaon,6-10 Yrs,6.0,10.0,6-10 Years (Senior),Life Sciences Or Pharma Domain Experience Required | Power BI | SQL | Databricks Sql Dashboard | Or Qlik. | Tableau | Looker | Pharmaceutical,8,Few hours ago,https://www.naukri.com/job-listings-data-analyst-incedo-gurugram-6-to-10-years-030626023560,2026-06-03T20:34:12.710415
faaa8f1aa261,Apprentice - Data Analyst,Data Analyst,S&P Global Market Intelligence,Mumbai,1-2 Yrs,1.0,2.0,0-2 Years (Fresher),Data Analyst | Financial Reporting | Sap | Compliance | Dispute Resolution | Finance | Research | Supply Chain,8,1 week ago,https://www.naukri.com/job-listings-apprentice-data-analyst-s-p-capital-iq-india-pvt-ltd-mumbai-gurugram-1-to-2-years-270526935645,2026-06-03T20:34:12.714691
68e589ddcdbf,Data Analyst,Data Analyst,Tex Corp,Gurgaon,1-2 Yrs,1.0,2.0,0-2 Years (Fresher),Data Analysis | Data Interpretation | Data Management | Data Visualization | Advanced Excel | Dashboards | Data Analytics | Data Reporting,8,1 week ago,https://www.naukri.com/job-listings-data-analyst-tex-corp-gurugram-1-to-2-years-260526030574,2026-06-03T20:34:12.716228
0f252ba7d27b,Data Analyst,Data Analyst,TP,Gurgaon,1-4 Yrs,1.0,4.0,0-2 Years (Fresher),Call Center | Customer Service | Sales | Customer Experience | Customer Experience Management | Sales Targets | Contact Center | Software Installation,8,1 week ago,https://www.naukri.com/job-listings-data-analyst-teleperformance-global-business-private-limited-gurugram-1-to-4-years-270526936095,2026-06-03T20:34:12.718269
6bd620cf4033,Underwriter & Data Analyst,Data Analyst,Maruti Insurance,Gurgaon,1-5 Yrs,1.0,5.0,0-2 Years (Fresher),Underwriting | Mis | Commercial Underwriting | Risk Analysis | Data Analysis | Risk Management | Commercial | Management,8,1 day ago,https://www.naukri.com/job-listings-underwriter-data-analyst-maruti-insurance-gurugram-1-to-5-years-020626006828,2026-06-03T20:34:12.723694
01e7eb6f3b71,Data Analyst,Data Analyst,Squircle IT,Gurgaon,3-8 Yrs,3.0,8.0,3-5 Years (Mid),Data Analysis | Excel | Query | Data Collection | Data Analyst | Management | Powerpoint | Collections,8,5 days ago,https://www.naukri.com/job-listings-data-analyst-squircle-it-consulting-services-pvt-ltd-gurugram-3-to-8-years-290526508099,2026-06-03T20:34:12.725258
fabc5951eeca,Data Analyst,Data Analyst,LatentView,Hyderabad,4-7 Yrs,4.0,7.0,3-5 Years (Mid),Tableau | SQL | Predictive Modeling | Time Series Analysis | Data Analysis | Ab Testing | Statistics | Python,8,1 week ago,https://www.naukri.com/job-listings-data-analyst-latentview-hyderabad-gurugram-bengaluru-4-to-7-years-230526004502,2026-06-03T20:34:12.726268
95a454cc0369,Machine Learning Engineer - 4,ML Engineer,Adobe,Bangalore,5-10 Yrs,5.0,10.0,3-5 Years (Mid),Adobe Acrobat | Computer Vision | Deep Learning | Version Control | Git | Analytical | Machine Learning | Research,8,3+ weeks ago,https://www.naukri.com/job-listings-machine-learning-engineer-4-adobe-systems-india-pvt-ltd-bengaluru-5-to-10-years-120326501755,2026-06-03T20:34:25.847621
22f56016e5fe,AI/Machine Learning Engineer,ML Engineer,Apple,Bangalore,4-9 Yrs,4.0,9.0,3-5 Years (Mid),Training | Analytics Reporting | Deep Learning | Retail | Data Services | Data Science | Machine Learning | Infrastructure,8,3+ weeks ago,https://www.naukri.com/job-listings-ai-machine-learning-engineer-apple-india-pvt-ltd-bengaluru-4-to-9-years-200326500889,2026-06-03T20:34:25.849564
1a746b5eacd4,"Staff Engineer, Machine Learning, Gen AI",Data Scientist,Nagarro,Bangalore,5-8 Yrs,5.0,8.0,3-5 Years (Mid),Generative AI | Retrieval Augmented Generation | Machine Learning | Gen | Generation | Machine | Artificial Intelligence,7,Few hours ago,https://www.naukri.com/job-listings-staff-engineer-machine-learning-gen-ai-nagarro-bengaluru-mumbai-all-areas-5-to-8-years-080126020675,2026-06-03T20:34:25.890277
d17b96c539dd,"Machine Learning Engineer, Apple Intelligence",ML Engineer,Apple,Bangalore,4-12 Yrs,4.0,12.0,3-5 Years (Mid),Training | Product Engineering | Focus | Machine Learning | Architectural Design | Programming | Deployment | NLP,8,3+ weeks ago,https://www.naukri.com/job-listings-machine-learning-engineer-apple-intelligence-apple-india-pvt-ltd-bengaluru-4-to-12-years-130226502590,2026-06-03T20:34:25.892308
07d47729c1aa,Machine Learning Engineer II,ML Engineer,Kuku Fm,Bangalore,3-8 Yrs,3.0,8.0,3-5 Years (Mid),Computer Science | Metadata | Orchestration | Formulation | Machine Learning | Ios App | Business Strategy | Forecasting,8,3+ weeks ago,https://www.naukri.com/job-listings-machine-learning-engineer-ii-kuku-fm-bengaluru-3-to-8-years-050526502179,2026-06-03T20:34:25.894326
0be7c8e09a32,Machine Learning Engineer 4,ML Engineer,Adobe,Bangalore,7-9 Yrs,7.0,9.0,6-10 Years (Senior),Automation | GCP | Analytical | Machine Learning | Data Structures | Data Mining | Adobe | SQL,8,3+ weeks ago,https://www.naukri.com/job-listings-machine-learning-engineer-4-adobe-systems-india-pvt-ltd-bengaluru-7-to-9-years-310326501260,2026-06-03T20:34:25.896273
236b149fc2aa,"Manager, Machine Learning Engineer",ML Engineer,Warner Bros. Discovery,Bangalore,12-15 Yrs,12.0,15.0,10+ Years (Lead/Principal),Asr | Computer Vision | GCP | Data Modeling | Architectural Design | Machine Learning | Distribution System | Release Management,8,3+ weeks ago,https://www.naukri.com/job-listings-manager-machine-learning-engineer-warner-bros-discovery-bengaluru-12-to-15-years-210426501284,2026-06-03T20:34:25.898272
892d00039939,"Machine Learning Engineer, Design Verification, Silicon",ML Engineer,Google,Bangalore,5-10 Yrs,5.0,10.0,3-5 Years (Mid),C++ | Vhdl | Simulation | Verilog | Hardware Design | Machine Learning | Data Collection | Uvm,8,3+ weeks ago,https://www.naukri.com/job-listings-machine-learning-engineer-design-verification-silicon-google-india-private-limited-bengaluru-5-to-10-years-090725503780,2026-06-03T20:34:25.900283
01c8677efcb8,Machine Learning Engineer,ML Engineer,eLabs Infotech,Chennai,8-13 Yrs,8.0,13.0,6-10 Years (Senior),PyTorch | Huggingface | Ai | Machine Learning | TensorFlow | Ml Engineer | Artificial Intelligence,7,2 weeks ago,https://www.naukri.com/job-listings-machine-learning-engineer-elabs-infotech-chennai-bengaluru-delhi-ncr-8-to-13-years-200526021763,2026-06-03T20:34:25.902288
73776b78fb49,Machine Learning Engineer,ML Engineer,Cloudxtreme,Gurgaon,4-9 Yrs,4.0,9.0,3-5 Years (Mid),Artificial Intelligence | Cloud | Machine Learning Operations | Python | Intelligence | Operations | Machine | Machine Learning,8,Few hours ago,https://www.naukri.com/job-listings-machine-learning-engineer-cloudxtreme-gurugram-chennai-bengaluru-4-to-9-years-090426012639,2026-06-03T20:34:25.903267
79b2b5e2b90a,Machine Learning Engineer,ML Engineer,Wipro,Bangalore,6-10 Yrs,6.0,10.0,6-10 Years (Senior),Artificial Intelligence | Machine Learning | Python | Data Engineering | Aiml | Ci/Cd | Machine Learning Engineer | Al,8,Today,https://www.naukri.com/job-listings-machine-learning-engineer-naukri-e-hire-campaign-bengaluru-6-to-10-years-030626019643,2026-06-03T20:34:25.905283
f38803df08e1,Machine Learning Engineer,ML Engineer,LanceSof,Bangalore,3-4 Yrs,3.0,4.0,3-5 Years (Mid),PyTorch | TensorFlow | Azure Ai | Machine Learning | Python | LangChain | Azure | Artificial Intelligence,8,2 days ago,https://www.naukri.com/job-listings-machine-learning-engineer-lancesoft-bengaluru-3-to-4-years-010626002643,2026-06-03T20:34:25.907308
48d46e5a1e3f,"Machine Learning Engineer,AIML Engineer,Data Scientist,MI Engineer",ML Engineer,Burgeon IT Services,Hyderabad,7-12 Yrs,7.0,12.0,6-10 Years (Senior),Llms | Machine Learning | Deep Learning | Python | TensorFlow | PySpark | Cnn,7,1 week ago,https://www.naukri.com/job-listings-machine-learning-engineer-aiml-engineer-data-scientist-mi-engineer-burgeon-it-services-hyderabad-chennai-bengaluru-7-to-12-years-260526017004,2026-06-03T20:34:25.908327
9c6abd84fac8,Machine Learning Engineer,ML Engineer,Consulting Firm,Hyderabad,5-10 Yrs,5.0,10.0,3-5 Years (Mid),Machine Learning | TensorFlow | Artificial Intelligence | NLP | Aiml | Machine Learning Algorithms | Deep Learning | Python,8,2 days ago,https://www.naukri.com/job-listings-machine-learning-engineer-anlage-infotech-hyderabad-pune-bengaluru-5-to-10-years-300526000009,2026-06-03T20:34:25.909327
5039ffcef9e9,Principal Machine Learning Engineer,ML Engineer,Red Hat,Bangalore,2-6 Yrs,2.0,6.0,0-2 Years (Fresher),Machine Learning | Open Source | C | Red Hat | Data Structures | Ai | PyTorch | Design,8,5 days ago,https://www.naukri.com/job-listings-principal-machine-learning-engineer-red-hat-india-pvt-ltd-bengaluru-2-to-6-years-290526921019,2026-06-03T20:34:25.911309
3e7136bb6fff,Machine Learning Engineer,ML Engineer,Wabtec,Bangalore,2-7 Yrs,2.0,7.0,0-2 Years (Fresher),LLMs | Python | Git | Data Analysis | NLP | Freight | Ai | Machine Learning,8,1 week ago,https://www.naukri.com/job-listings-machine-learning-engineer-wabtec-india-industrial-private-limited-bengaluru-2-to-7-years-220526918669,2026-06-03T20:34:25.912307
33eea1befb2b,"Principal Machine Learning Engineer, Document AI Data",ML Engineer,Abbyy,Bangalore,10-15 Yrs,10.0,15.0,6-10 Years (Senior),Training | Automation | Diversity And Inclusion | Machine Learning | Technical Leadership | Wellness | Technical Lead | Data Quality,8,1 week ago,https://www.naukri.com/job-listings-principal-machine-learning-engineer-document-ai-data-abbyy-bengaluru-10-to-15-years-250526502972,2026-06-03T20:34:25.914533
4f1b9b56acc1,"Principal Machine Learning Engineer-AgenticAI, GenAi/LLM",ML Engineer,Red Hat,Bangalore,5-10 Yrs,5.0,10.0,3-5 Years (Mid),LLMs | Golang | Airflow | TensorFlow | Compliance | Alerting | Feature Engineering | Sre,8,5 days ago,https://www.naukri.com/job-listings-principal-machine-learning-engineer-agenticai-genai-llm-red-hat-india-pvt-ltd-bengaluru-5-to-10-years-290526921020,2026-06-03T20:34:25.916657
c026ce9e52c2,Staff Machine Learning Engineer,ML Engineer,Cisco,Hyderabad,6-11 Yrs,6.0,11.0,6-10 Years (Senior),System Architecture | Backend | Git | Orchestration | Data Science | GCP | Machine Learning | Manager Technology,8,3+ weeks ago,https://www.naukri.com/job-listings-staff-machine-learning-engineer-cisco-hyderabad-6-to-11-years-030326503298,2026-06-03T20:34:38.522263
5711ddc6d74b,Data Scientist,Data Scientist,Amgen Inc,Hyderabad,2-9 Yrs,2.0,9.0,0-2 Years (Fresher),Data Cleansing | Automation | Version Control | GCP | Analytical | Artificial Intelligence | Agile | Data Quality,8,3+ weeks ago,https://www.naukri.com/job-listings-data-scientist-horizon-therapeutics-hyderabad-2-to-9-years-210525500428,2026-06-03T20:34:38.551270
119c4da2e8f1,Machine Learning Engineer,ML Engineer,Amgen Inc,Hyderabad,5-9 Yrs,5.0,9.0,3-5 Years (Mid),Analytical | Machine Learning | Oncology | Data Structures | Information Retrieval | Public Speaking | Test Driven Development | Troubleshooting,8,3+ weeks ago,https://www.naukri.com/job-listings-machine-learning-engineer-horizon-therapeutics-hyderabad-5-to-9-years-010925500866,2026-06-03T20:34:38.553780
33450b57d6c4,Machine Learning Engineer,ML Engineer,Luxoft,Hyderabad,5-10 Yrs,5.0,10.0,3-5 Years (Mid),TensorFlow | PyTorch | Artificial Intelligence | Machine Learning | Python | Intelligence | Machine,7,2 weeks ago,https://www.naukri.com/job-listings-machine-learning-engineer-luxoft-hyderabad-5-to-10-years-200526044504,2026-06-03T20:34:38.558181
2ff7b9155cdc,Machine Learning Engineer,ML Engineer,Emperen Technologies,Hyderabad,5-10 Yrs,5.0,10.0,3-5 Years (Mid),Machine Learning | Kubernetes | Python | Airflow | Ai | Numpy | Docker | Reinforcement Learning,8,2 weeks ago,https://www.naukri.com/job-listings-machine-learning-engineer-emperen-technologies-hyderabad-5-to-10-years-200526916990,2026-06-03T20:34:38.559510
89c8d937621d,Machine Learning Engineer III,ML Engineer,Swiggy,Hyderabad,2-6 Yrs,2.0,6.0,0-2 Years (Fresher),Hive | Kubernetes | Life Cycle Management | Scala | Neural Networks | PySpark | Data Pipeline | Docker,8,Few hours ago,https://www.naukri.com/job-listings-machine-learning-engineer-iii-swiggy-ajmer-ganganagar-jaipur-jaisalmer-bhimavaram-kochi-kota-haridwar-kolkata-gonda-mumbai-bareilly-siliguri-nagpur-pune-lucknow-mathura-ambala-moradabad-ahmedabad-bengaluru-patna-la-2-to-6-years-030626500946,2026-06-03T20:34:38.562032
fb2c49f596a7,Machine Learning Engineer,ML Engineer,Cloudxtreme,Hyderabad,4-9 Yrs,4.0,9.0,3-5 Years (Mid),Machine Learning | Artificial Intelligence | Cloud | Python | Machine | Intelligence,6,5 days ago,https://www.naukri.com/job-listings-machine-learning-engineer-cloudxtreme-hyderabad-chennai-bengaluru-4-to-9-years-080426030935,2026-06-03T20:34:38.564025
cc3d6a49e899,Principal Machine Learning Engineer,ML Engineer,Amgen Inc,Hyderabad,10-15 Yrs,10.0,15.0,6-10 Years (Senior),Compliance | Python | Git | Ai | LLMs | Machine Learning | Docker | Ai Engineer,8,Today,https://www.naukri.com/job-listings-principal-machine-learning-engineer-amgen-inc-hyderabad-10-to-15-years-030626914556,2026-06-03T20:34:38.566038
8921531a17dc,Machine Learning Engineer,ML Engineer,Valuelabs,Hyderabad,3-7 Yrs,3.0,7.0,3-5 Years (Mid),Machine Learning | Xgboost | Mlflow | Python | SQL | Microsoft Flow | Machine,7,2 days ago,https://www.naukri.com/job-listings-machine-learning-engineer-valuelabs-hyderabad-3-to-7-years-010626017196,2026-06-03T20:34:38.570037
11c0484cf04e,ADAS Data Science & Machine Learning Engineer,ML Engineer,ZF,Hyderabad,3-6 Yrs,3.0,6.0,3-5 Years (Mid),Data Science | Java | C | Programming | Machine Learning | Automotive | Design | R,8,2 days ago,https://www.naukri.com/job-listings-adas-data-science-machine-learning-engineer-zf-india-private-limited-hyderabad-3-to-6-years-010626922564,2026-06-03T20:34:38.572072
9cbbf2401c81,Machine Learning Engineer,ML Engineer,Leading Client,Hyderabad,3-8 Yrs,3.0,8.0,3-5 Years (Mid),Machine Learning | PyTorch | NLP | MLOps | Scikit-learn | Aws Sagemaker | Deep Learning | Python,8,1 week ago,https://www.naukri.com/job-listings-machine-learning-engineer-talent-corner-hr-services-pvt-ltd-noida-hyderabad-bengaluru-3-to-8-years-270526911305,2026-06-03T20:34:38.573071
c3b73fe846b5,Machine Learning Engineer - 6-10 yr - Hyderabad,ML Engineer,Tata Consultancy Services,Hyderabad,6-10 Yrs,6.0,10.0,6-10 Years (Senior),Machine Learning | Python | Sacal | Java | Model Training | Ml Algorithms | Model Optimization,7,3 days ago,https://www.naukri.com/job-listings-machine-learning-engineer-6-10-yr-hyderabad-tata-consultancy-services-hyderabad-6-to-10-years-310526003909,2026-06-03T20:34:38.574072
a066c3510768,Machine Learning Engineer,ML Engineer,Leading Client,Hyderabad,5-10 Yrs,5.0,10.0,3-5 Years (Mid),Machine Learning | TensorFlow | Azure | Git | NLP | Ai | Aks | Devops,8,6 days ago,https://www.naukri.com/job-listings-machine-learning-engineer-ideslabs-private-limited-hyderabad-5-to-10-years-280526921189,2026-06-03T20:34:38.575072
196a1c8d3f64,Machine Learning Engineer,ML Engineer,Egen,Hyderabad,5-10 Yrs,5.0,10.0,3-5 Years (Mid),Ml Engineer | TensorFlow | Azure | Artificial Intelligence | NLP | Ai | LLMs | Machine Learning,8,1 week ago,https://www.naukri.com/job-listings-machine-learning-engineer-springml-india-development-center-private-limited-hyderabad-5-to-10-years-210526919172,2026-06-03T20:34:38.578055
1abfb722339a,Machine Learning Engineer,ML Engineer,Leading Client,Hyderabad,5-10 Yrs,5.0,10.0,3-5 Years (Mid),Machine Learning | Ml Engineer | Airflow | TensorFlow | Azure | Ai Solutions | Ai | Product Analytics,8,5 days ago,https://www.naukri.com/job-listings-machine-learning-engineer-tekskills-india-private-limited-hyderabad-5-to-10-years-290526914833,2026-06-03T20:34:38.580460
02d599260516,Principal Machine Learning Engineer,ML Engineer,Amgen Inc,Hyderabad,12-17 Yrs,12.0,17.0,10+ Years (Lead/Principal),Machine Learning | Technical Lead | MLOps | Emerging Technologies | Python | Git | Technical Leadership | Ai,8,1 week ago,https://www.naukri.com/job-listings-principal-machine-learning-engineer-amgen-inc-hyderabad-12-to-17-years-250526935339,2026-06-03T20:34:38.582621
093f3c516f62,Machine Learning Engineer,ML Engineer,Barclays,Pune,2-8 Yrs,2.0,8.0,0-2 Years (Fresher),Data Validation | Analytical | Machine Learning | Vice President | Management | Risk Management | Operations | Counselling,8,3+ weeks ago,https://www.naukri.com/job-listings-machine-learning-engineer-barclays-shared-services-pune-2-to-8-years-170426501406,2026-06-03T20:34:53.172647
7ed67850babe,MLOps Engineer,ML Engineer,Infosys,Pune,9-14 Yrs,9.0,14.0,6-10 Years (Senior),Ci/Cd | Machine Learning | Devops | GCP | Python | Ci Cd Pipeline | Cloud Platform | SQL,8,3 weeks ago,https://www.naukri.com/job-listings-mlops-engineer-infosys-pune-chennai-bengaluru-9-to-14-years-241125032886,2026-06-03T20:34:53.174645
10d126e1b46b,Machine Learning Engineer II,ML Engineer,General Mills,Pune,6-9 Yrs,6.0,9.0,6-10 Years (Senior),MLOps | Machine Learning | GCP | Python | SQL | Machine,6,3 weeks ago,https://www.naukri.com/job-listings-machine-learning-engineer-ii-general-mills-mumbai-pune-6-to-9-years-130426029538,2026-06-03T20:34:53.221312
3e20d7ad6bf9,"Senior Engineer, Machine Learning Engineering-1",ML Engineer,Mastercard,Pune,2-10 Yrs,2.0,10.0,0-2 Years (Fresher),Computer Science | Backend | Automation | Information Security | Analytical | Data Processing | Stakeholder Management | Forecasting,8,3+ weeks ago,https://www.naukri.com/job-listings-senior-engineer-machine-learning-engineering-1-mastercard-pune-2-to-10-years-240326504021,2026-06-03T20:34:53.222422
d236478a868e,Palantir -Pyspark Data Engineer,Data Engineer,Tata Consultancy Services,Pune,5-9 Yrs,5.0,9.0,3-5 Years (Mid),PySpark | Palantir | AWS | Ontology | Contour | Palantir Foundry | Python | Foundry,8,1 week ago,https://www.naukri.com/job-listings-palantir-pyspark-data-engineer-tata-consultancy-services-hyderabad-pune-bengaluru-5-to-9-years-220126039954,2026-06-03T20:34:53.229422
3f43318fdda9,AI/ Machine Learning Engineers/ Leads/ Architects/ Mngrs- Fortune 500,ML Engineer,Fortune 500 IT MNC,Pune,5-10 Yrs,5.0,10.0,3-5 Years (Mid),Machine Learning | Ml Engineer | Generative AI | Ai Ml | NLP | Artificial Intelligence | Computer Vision | Ml  Architect,8,1 week ago,https://www.naukri.com/job-listings-ai-machine-learning-engineers-leads-architects-mngrs-fortune-500-mukul-consultants-hyderabad-pune-gurugram-chennai-bengaluru-mumbai-all-areas-5-to-10-years-191225002614,2026-06-03T20:34:53.232421
b5ae7d13f3f5,Machine Learning Engineer/Data Scientist,ML Engineer,Innowise,Pune,2-7 Yrs,2.0,7.0,0-2 Years (Fresher),Data Analysis | Process Optimization | Artificial Intelligence | Project Management | Machine Learning | Data Mining | Business Case | Digital Transformation,8,3 weeks ago,https://www.naukri.com/job-listings-machine-learning-engineer-data-scientist-innowise-pune-2-to-7-years-130526502491,2026-06-03T20:34:53.234419
cea23142d1bd,Machine Learning Engineer,ML Engineer,Nova Techset,Pune,2-4 Yrs,2.0,4.0,0-2 Years (Fresher),LLMs | Cnn | Opencv | Computer Vision | Machine Learning | Languages | Large | Computer,8,1 day ago,https://www.naukri.com/job-listings-machine-learning-engineer-nova-techset-pune-2-to-4-years-020626025246,2026-06-03T20:34:53.236423
e743082068ae,Machine Learning Engineer,ML Engineer,Iris Software,Pune,5-8 Yrs,5.0,8.0,3-5 Years (Mid),Ml Libraries | Ci/Cd | Containerization | AWS | Python | Orchestration | TensorFlow | Ci Cd Pipeline,8,2 days ago,https://www.naukri.com/job-listings-machine-learning-engineer-iris-software-noida-pune-chennai-5-to-8-years-291025013347,2026-06-03T20:34:53.238420
179c4ca3bf67,Machine Learning Engineer,ML Engineer,Emperen Technologies,Pune,5-10 Yrs,5.0,10.0,3-5 Years (Mid),Machine Learning | Kubernetes | Python | Airflow | Ai | Numpy | Docker | Reinforcement Learning,8,2 weeks ago,https://www.naukri.com/job-listings-machine-learning-engineer-emperen-technologies-pune-5-to-10-years-200526917004,2026-06-03T20:34:53.241419
18fa219f1164,Machine Learning Engineer,ML Engineer,Evoke HR Solution,Pune,7-12 Yrs,7.0,12.0,6-10 Years (Senior),Machine Learning | Generative AI | AWS | MLOps | Artificial Intelligence | NLP | Al | Deep Learning,8,1 week ago,https://www.naukri.com/job-listings-machine-learning-engineer-evoke-hr-noida-pune-bengaluru-7-to-12-years-250526034279,2026-06-03T20:34:53.244421
474dbacf17f2,"Engineer Lead , Artificial Intelligence / Machine Learning",Data Scientist,FIS,Pune,10-15 Yrs,10.0,15.0,6-10 Years (Senior),Artificial Intelligence | Machine Learning | Python | LLMs | Redis | Pandas | TensorFlow | Restful Apis,8,1 week ago,https://www.naukri.com/job-listings-engineer-lead-artificial-intelligence-machine-learning-fis-global-business-solutions-india-pvt-ltd-pune-10-to-15-years-250526917119,2026-06-03T20:34:53.247004
e4f6d51ff6e2,"Engineer Lead , Artificial Intelligence / Machine Learning",Data Scientist,FIS,Pune,10-15 Yrs,10.0,15.0,6-10 Years (Senior),Machine Learning | TensorFlow | Azure | Capital Markets | Compliance | Artificial Intelligence | Ai | Redis,8,1 week ago,https://www.naukri.com/job-listings-engineer-lead-artificial-intelligence-machine-learning-fis-global-business-solutions-india-pvt-ltd-pune-10-to-15-years-250526917117,2026-06-03T20:34:53.250017
8b69cb323b1d,"Engineer Lead, Artificial Intelligence / Machine Learning (GitHub",Data Scientist,FIS,Pune,8-13 Yrs,8.0,13.0,6-10 Years (Senior),Git | Python | Restful | Ai | Machine Learning | LLMs | Artificial Intelligence | Redis,8,1 week ago,https://www.naukri.com/job-listings-engineer-lead-artificial-intelligence-machine-learning-github-fis-global-business-solutions-india-pvt-ltd-pune-8-to-13-years-250526917126,2026-06-03T20:34:53.252015
65c764bbc1ee,Machine Learning Engineer,ML Engineer,Persistent,Pune,6-11 Yrs,6.0,11.0,6-10 Years (Senior),Any Cloud | MLOps | Machine Learning | Cloud | Machine,5,4 days ago,https://www.naukri.com/job-listings-machine-learning-engineer-persistent-pune-6-to-11-years-300526013154,2026-06-03T20:34:53.253032
1591b4703817,Machine Learning Engineer,ML Engineer,Jforce Solutions,Mumbai,3-8 Yrs,3.0,8.0,3-5 Years (Mid),Computer Science | Training | Usage | Data Science | Artificial Intelligence | Machine Learning | Deployment | NLP,8,1 day ago,https://www.naukri.com/job-listings-machine-learning-engineer-jforce-solutions-mumbai-3-to-8-years-020626501543,2026-06-03T20:35:04.516373
ea2a59e48e29,Immediate Opportunity For Machine Learning Engineer,ML Engineer,Trigyn Technologies,Remote,3-8 Yrs,3.0,8.0,3-5 Years (Mid),Deep Learning | Cloud Deployment | Artificial Intelligence | NLP | Api Integration | Machine Learning | Languages | Intelligence,8,5 days ago,https://www.naukri.com/job-listings-immediate-opportunity-for-machine-learning-engineer-trigyn-technologies-mumbai-all-areas-3-to-8-years-290526007225,2026-06-03T20:35:04.544472
64d52a7aaf64,Machine Learning Engineer,ML Engineer,Cloudxtreme,Mumbai,4-8 Yrs,4.0,8.0,3-5 Years (Mid),Artificial Intelligence | Cloud | Machine Learning | Python | Machine | Intelligence,6,Few hours ago,https://www.naukri.com/job-listings-machine-learning-engineer-cloudxtreme-kolkata-delhi-ncr-mumbai-all-areas-4-to-8-years-100426002826,2026-06-03T20:35:04.547993
128c29a80fb0,Machine Learning Engineer/ AI Engineer,ML Engineer,TEM Association,Mumbai,2-6 Yrs,2.0,6.0,0-2 Years (Fresher),PyTorch | Machine Learning | Deep Learning | Python | Model Development | Artificial Intelligence | Machine | Development,8,1 week ago,https://www.naukri.com/job-listings-machine-learning-engineer-ai-engineer-tem-association-bengaluru-mumbai-all-areas-2-to-6-years-240526003218,2026-06-03T20:35:04.549992
65494511f9b3,Machine Learning Engineer,ML Engineer,TAC Security,Mumbai,2-7 Yrs,2.0,7.0,0-2 Years (Fresher),San | Deep Learning | Artificial Intelligence | MySQL | Machine Learning | Data Analytics | Data Visualization | Vulnerability Management,8,1 week ago,https://www.naukri.com/job-listings-machine-learning-engineer-tac-security-mumbai-2-to-7-years-220623500177,2026-06-03T20:35:04.550991
a03b53b78c6a,Machine Learning Engineer,ML Engineer,Emperen Technologies,Mumbai,5-10 Yrs,5.0,10.0,3-5 Years (Mid),Machine Learning | Kubernetes | Python | Airflow | Ai | Numpy | Docker | Reinforcement Learning,8,2 weeks ago,https://www.naukri.com/job-listings-machine-learning-engineer-emperen-technologies-mumbai-5-to-10-years-200526916966,2026-06-03T20:35:04.556239
e4fd298d7b45,Machine Learning Engineer,ML Engineer,Branch International,Mumbai,2-5 Yrs,2.0,5.0,0-2 Years (Fresher),Backend | Nbfc | Underwriting | Risk Modeling | Machine Learning | Medical Insurance | Financial Services | Monitoring,8,1 day ago,https://www.naukri.com/job-listings-machine-learning-engineer-branch-international-mumbai-2-to-5-years-020626503088,2026-06-03T20:35:04.557294
4adceaeca765,Machine Learning Engineer,ML Engineer,Cloudxtreme,Mumbai,4-9 Yrs,4.0,9.0,3-5 Years (Mid),Artificial Intelligence | Cloud | Machine Learning | Python | Intelligence | Machine,6,5 days ago,https://www.naukri.com/job-listings-machine-learning-engineer-cloudxtreme-bhubaneswar-mumbai-indore-4-to-9-years-080426030938,2026-06-03T20:35:04.560268
a3b54c2259da,Machine Learning Engineer,ML Engineer,Quantiphi Analytics Solutions,Mumbai,2-7 Yrs,2.0,7.0,0-2 Years (Fresher),Software Architecture | Automation | Machine Learning | Performance Optimization | Selenium | Catering | Cost | Monitoring,8,1 week ago,https://www.naukri.com/job-listings-machine-learning-engineer-quantiphi-analytics-solutions-pvt-ltd-mumbai-2-to-7-years-210526508097,2026-06-03T20:35:04.562260
c9ecfd96537d,Machine Learning Engineer VFX,ML Engineer,Atomic Arts India,Mumbai,2-5 Yrs,2.0,5.0,0-2 Years (Fresher),Computer Vision | Deep Learning | Tds | Metadata | Linux | Opencv | Machine Learning | Vfx,8,1 week ago,https://www.naukri.com/job-listings-machine-learning-engineer-vfx-atomicarts-india-mumbai-2-to-5-years-210526501775,2026-06-03T20:35:04.564264
1ee186f192c0,Machine Learning Engineer,ML Engineer,Kalpesh Group,Mumbai,3-8 Yrs,3.0,8.0,3-5 Years (Mid),Node.Js | Machine Learning | React.Js | TensorFlow | Numpy | Onnx | Html/Css | Torch,8,1 day ago,https://www.naukri.com/job-listings-machine-learning-engineer-sure-solution-mumbai-navi-mumbai-mumbai-all-areas-3-to-8-years-020626026533,2026-06-03T20:35:04.566262
41e55a4f7361,Machine Learning Engineer,ML Engineer,Micro1,Mumbai,2-5 Yrs,2.0,5.0,0-2 Years (Fresher),Machine Learning Algorithms | Machine Learning | AWS | MongoDB | Artificial Intelligence | Communication Skills,6,3+ weeks ago,https://www.naukri.com/job-listings-machine-learning-engineer-micro1-kolkata-mumbai-new-delhi-hyderabad-pune-chennai-bengaluru-2-to-5-years-290425501301,2026-06-03T20:35:04.567285
c0395d331ec6,Machine Learning Engineer,ML Engineer,Micro1,Mumbai,2-5 Yrs,2.0,5.0,0-2 Years (Fresher),Machine Learning Algorithms | Machine Learning | AWS | MongoDB | Artificial Intelligence | Communication Skills,6,3+ weeks ago,https://www.naukri.com/job-listings-machine-learning-engineer-micro1-kolkata-mumbai-new-delhi-hyderabad-pune-chennai-bengaluru-2-to-5-years-280425503956,2026-06-03T20:35:04.568291
7717825bea9f,Machine Learning Engineer,ML Engineer,Micro1,Mumbai,2-5 Yrs,2.0,5.0,0-2 Years (Fresher),Machine Learning Algorithms | Machine Learning | AWS | MongoDB | Artificial Intelligence | Communication Skills | Intelligence,7,3+ weeks ago,https://www.naukri.com/job-listings-machine-learning-engineer-micro1-kolkata-mumbai-new-delhi-hyderabad-pune-chennai-bengaluru-2-to-5-years-260425504117,2026-06-03T20:35:04.570325
3aba2e531b6d,Machine Learning Engineer,ML Engineer,Micro1,Mumbai,2-5 Yrs,2.0,5.0,0-2 Years (Fresher),Machine Learning Algorithms | Machine Learning | AWS | MongoDB | Artificial Intelligence | Communication Skills | Algorithms,7,3+ weeks ago,https://www.naukri.com/job-listings-machine-learning-engineer-micro1-kolkata-mumbai-new-delhi-hyderabad-pune-chennai-bengaluru-2-to-5-years-260425503772,2026-06-03T20:35:04.571308
5b70bf4491cf,Machine Learning Engineer,ML Engineer,Micro1,Mumbai,2-5 Yrs,2.0,5.0,0-2 Years (Fresher),Machine Learning Algorithms | Machine Learning | AWS | MongoDB | Artificial Intelligence | Communication Skills | Machine,7,3+ weeks ago,https://www.naukri.com/job-listings-machine-learning-engineer-micro1-kolkata-mumbai-new-delhi-hyderabad-pune-chennai-bengaluru-2-to-5-years-260425503417,2026-06-03T20:35:04.572333
1203c600addd,Machine Learning Engineer,ML Engineer,Micro1,Mumbai,2-5 Yrs,2.0,5.0,0-2 Years (Fresher),Machine Learning Algorithms | Machine Learning | AWS | MongoDB | Artificial Intelligence | Communication Skills | Algorithms,7,3+ weeks ago,https://www.naukri.com/job-listings-machine-learning-engineer-micro1-kolkata-mumbai-new-delhi-hyderabad-pune-chennai-bengaluru-2-to-5-years-260425503411,2026-06-03T20:35:04.581684
2988f2b8014f,"Staff Engineer, Machine Learning",Data Scientist,Nagarro,Gurgaon,1-5 Yrs,1.0,5.0,0-2 Years (Fresher),Technical Writing | Python | Data Analytics | Data Analysis | NLP | Neural Networks | Engineering | Machine Learning,8,3+ weeks ago,https://www.naukri.com/job-listings-staff-engineer-machine-learning-nagarro-software-pvt-ltd-gurugram-1-to-5-years-291025502362,2026-06-03T20:35:14.191654
b6c779f50982,Machine Learning Engineer 3,ML Engineer,Adobe,Noida,4-9 Yrs,4.0,9.0,3-5 Years (Mid),Computer Science | Adobe Acrobat | Computer Vision | C++ | Usage | Machine Learning | Data Structures,7,3+ weeks ago,https://www.naukri.com/job-listings-machine-learning-engineer-3-adobe-systems-india-pvt-ltd-noida-4-to-9-years-090326502070,2026-06-03T20:35:14.216167
b75bf0b723c7,Lead Data Scientist- Reinforcement Learning,Data Scientist,Fractal Analytics,Gurgaon,5-10 Yrs,5.0,10.0,3-5 Years (Mid),Agile | Programming | Management | Analytics | Project Execution | SQL | Python | Reinforcement,8,3+ weeks ago,https://www.naukri.com/job-listings-lead-data-scientist-reinforcement-learning-fractal-analytics-ltd-gurugram-5-to-10-years-020426503865,2026-06-03T20:35:14.221559
bcf6f14de318,"Principal Engineer, Big Data Engineer",Data Engineer,Nagarro,Gurgaon,12-16 Yrs,12.0,16.0,10+ Years (Lead/Principal),Spark | Data Architecture | Data Modeling | Data Bricks | PySpark | Azure | AWS | Technical Architecture,8,2 days ago,https://www.naukri.com/job-listings-principal-engineer-big-data-engineer-nagarro-gurugram-bengaluru-12-to-16-years-020326033626,2026-06-03T20:35:14.223722
1e7ad2c2f041,Machine Learning Engineer 4,ML Engineer,Adobe,Noida,7-12 Yrs,7.0,12.0,6-10 Years (Senior),Computer Science | Computer Vision | Deep Learning | C++ | Content Analysis | Machine Learning | Data Structures,7,3+ weeks ago,https://www.naukri.com/job-listings-machine-learning-engineer-4-adobe-systems-india-pvt-ltd-noida-7-to-12-years-090226503713,2026-06-03T20:35:14.224757
fd2881fee19a,Data Scientist - Credit Risk 1,Data Scientist,PayU,Gurgaon,5-10 Yrs,5.0,10.0,3-5 Years (Mid),Computer Science | Cloud Computing | Bfsi | Underwriting | Machine Learning | Agile | Stakeholder Management | Financial Services,8,3+ weeks ago,https://www.naukri.com/job-listings-data-scientist-credit-risk-1-payu-india-gurugram-5-to-10-years-150426504007,2026-06-03T20:35:14.225756
e1468458320e,Senior Machine Learning Engineer,ML Engineer,Expedia,Gurgaon,8-13 Yrs,8.0,13.0,6-10 Years (Senior),Computer Science | Career Development | Orchestration | Talent Acquisition | Machine Learning | Scala | Workflow | E-Commerce,8,3+ weeks ago,https://www.naukri.com/job-listings-senior-machine-learning-engineer-expedia-group-gurugram-8-to-13-years-310326501791,2026-06-03T20:35:14.230744
2683b4601756,Machine Learning Engineer,ML Engineer,Emperen Technologies,Delhi,5-10 Yrs,5.0,10.0,3-5 Years (Mid),Machine Learning | Kubernetes | Python | Airflow | Ai | Numpy | Docker | Reinforcement Learning,8,2 weeks ago,https://www.naukri.com/job-listings-machine-learning-engineer-emperen-technologies-new-delhi-5-to-10-years-200526916970,2026-06-03T20:35:14.234740
70a745c9c285,Artificial Intelligence & Machine Learning Engineer,ML Engineer,Clicflyer,Gurgaon,3-7 Yrs,3.0,7.0,3-5 Years (Mid),Artificial Intelligence | Business Intelligence | Opencv | Django | Computer Vision | Machine Learning | Deep Learning | Numpy,8,1 week ago,https://www.naukri.com/job-listings-artificial-intelligence-machine-learning-engineer-clicflyer-gurugram-3-to-7-years-220526919122,2026-06-03T20:35:14.240200
51bb63ae1a7e,Machine Learning Engineer,ML Engineer,YO It Consulting,Noida,4-6 Yrs,4.0,6.0,3-5 Years (Mid),Machine Learning | Time Series Analysis | Python | NLP | Neural Networks | Databricks | Numpy | Artificial Intelligence,8,1 week ago,https://www.naukri.com/job-listings-machine-learning-engineer-yo-it-consulting-noida-4-to-6-years-250526929766,2026-06-03T20:35:14.242198
4ede5800a1c5,Machine Learning Engineer 3,ML Engineer,Adobe,Noida,5-10 Yrs,5.0,10.0,3-5 Years (Mid),Computer Science | Cloud Computing | Automation | Networking | Shell Scripting | Disaster Recovery | Machine Learning | Scheduling,8,2 days ago,https://www.naukri.com/job-listings-machine-learning-engineer-3-adobe-systems-india-pvt-ltd-noida-5-to-10-years-010626504023,2026-06-03T20:35:14.243198
4ae209fab803,Artificial Intelligence and Machine Learning.,Data Scientist,Tata Consultancy Services,Chennai,5-10 Yrs,5.0,10.0,3-5 Years (Mid),Artificial Intelligence | Machine Learning | Intelligence | Machine,4,4 days ago,https://www.naukri.com/job-listings-artificial-intelligence-and-machine-learning-tata-consultancy-services-hyderabad-chennai-bengaluru-5-to-10-years-170326018890,2026-06-03T20:35:23.512410
db00235abc3a,Senior Machine Learning Engineer,ML Engineer,UPS Supply Chain Solutions (UPS SCS),Chennai,3-9 Yrs,3.0,9.0,3-5 Years (Mid),Automation | Usage | GCP | Machine Learning | Agile | Data Visualization | Troubleshooting | SQL,8,3+ weeks ago,https://www.naukri.com/job-listings-senior-machine-learning-engineer-ups-pvt-ltd-chennai-3-to-9-years-210224501576,2026-06-03T20:35:23.548219
398827113078,Senior Machine Learning Engineer,ML Engineer,CapeStart,Chennai,6-11 Yrs,6.0,11.0,6-10 Years (Senior),R | Machine Learning,2,3+ weeks ago,https://www.naukri.com/job-listings-senior-machine-learning-engineer-capestart-software-private-limited-chennai-6-to-11-years-270326505887,2026-06-03T20:35:23.549199
0fe1747676a2,Machine Learning Engineer (ML / DL / GenAI),ML Engineer,Cleartrip,Chennai,1-4 Yrs,1.0,4.0,0-2 Years (Fresher),Computer Vision | Deep Learning | GCP | Machine Learning | Data Processing | Open Source | Apache | Monitoring,8,Few hours ago,https://www.naukri.com/job-listings-machine-learning-engineer-ml-dl-genai-cleartrip-private-limited-nagercoil-chennai-1-to-4-years-030626502125,2026-06-03T20:35:23.551200
7e7e1c800b93,Machine Learning Engineer-Digital Twin,ML Engineer,Capgemini,Chennai,2-5 Yrs,2.0,5.0,0-2 Years (Fresher),R | Machine Learning,2,1 day ago,https://www.naukri.com/job-listings-machine-learning-engineer-digital-twin-capgemini-technology-services-india-limited-chennai-2-to-5-years-020626924821,2026-06-03T20:35:23.552202
a30a2fcd322f,Machine Learning Engineer - Mid Level,ML Engineer,Cleartrip Private Limited,Nagercoil,3-6 Yrs,3.0,6.0,3-5 Years (Mid),R | Machine Learning,2,2 weeks ago,https://www.naukri.com/job-listings-200526500658,2026-06-03T20:35:23.554207
777c60cf2f63,Machine Learning Engineer (ML / DL / GenAI),ML Engineer,CapeStart,Chennai,1-5 Yrs,1.0,5.0,0-2 Years (Fresher),R | Machine Learning,2,1 week ago,https://www.naukri.com/job-listings-machine-learning-engineer-ml-dl-genai-capestart-nagercoil-chennai-1-to-5-years-260526027904,2026-06-03T20:35:23.566799
8e8bb2b53df1,Staff Machine Learning Engineer,ML Engineer,Xoom,Chennai,8-13 Yrs,8.0,13.0,6-10 Years (Senior),R | Machine Learning,2,1 day ago,https://www.naukri.com/job-listings-staff-machine-learning-engineer-xoom-inc-chennai-bengaluru-8-to-13-years-020626502628,2026-06-03T20:35:23.568782
5098d9429bd0,Data Scientist / Machine Learning Engineer,ML Engineer,LateShipment.com,Chennai,5-8 Yrs,5.0,8.0,3-5 Years (Mid),R | Machine Learning,2,1 week ago,https://www.naukri.com/job-listings-data-scientist-machine-learning-engineer-lateshipment-com-chennai-5-to-8-years-220526919261,2026-06-03T20:35:23.570784
c6916050c883,Python Developer / Machine Learning Engineer,ML Engineer,Novel Patterns,Noida,2-7 Yrs,2.0,7.0,0-2 Years (Fresher),Backend | Version Control | Git | PostgreSQL | Machine Learning | Consulting | MongoDB | Python,8,3+ weeks ago,https://www.naukri.com/job-listings-python-developer-machine-learning-engineer-novel-patterns-noida-2-to-7-years-061224501776,2026-06-03T20:35:37.284766
c388caa0aa12,Machine Learning Engineer,ML Engineer,Level Ai,Noida,2-7 Yrs,2.0,7.0,0-2 Years (Fresher),Computer Science | Artificial Intelligence | Machine Learning | Data Structures | Silicon | Open Source | Data Mining | Monitoring,8,3+ weeks ago,https://www.naukri.com/job-listings-machine-learning-engineer-level-ai-noida-2-to-7-years-041125502230,2026-06-03T20:35:37.285767
2a1aad6662f1,Machine Learning Engineer - II,ML Engineer,Adobe,Noida,10-15 Yrs,10.0,15.0,6-10 Years (Senior),Computer Science | Adobe Acrobat | Backend | Usage | Lead Architect | Illustrator | Machine Learning | Technical Leadership,8,3+ weeks ago,https://www.naukri.com/job-listings-machine-learning-engineer-ii-adobe-systems-india-pvt-ltd-noida-10-to-15-years-220426500217,2026-06-03T20:35:37.286766
9139b3df344e,Artificial Intelligence / Machine Learning Engineer,ML Engineer,Impronics Technologies,Noida,2-6 Yrs,2.0,6.0,0-2 Years (Fresher),Data Analysis | Version Control | Machine Learning | Agile | Data Processing | Data Mining | Business Solutions | SQL,8,3+ weeks ago,https://www.naukri.com/job-listings-artificial-intelligence-machine-learning-engineer-impronics-technologies-noida-2-to-6-years-110325503774,2026-06-03T20:35:37.287767
8274c3091c4d,Machine Learning Engineer 5,ML Engineer,Adobe,Noida,7-12 Yrs,7.0,12.0,6-10 Years (Senior),Adobe Acrobat | Orchestration | Illustrator | Machine Learning | Photoshop | Resource Management | Continuous Improvement | Adobe,8,3 weeks ago,https://www.naukri.com/job-listings-machine-learning-engineer-5-adobe-systems-india-pvt-ltd-noida-7-to-12-years-110526504745,2026-06-03T20:35:37.288767
51a35f63bf44,Machine Learning Engineer,ML Engineer,Emperen Technologies,Noida,5-10 Yrs,5.0,10.0,3-5 Years (Mid),Machine Learning | Kubernetes | Python | Airflow | Ai | Numpy | Docker | Reinforcement Learning,8,2 weeks ago,https://www.naukri.com/job-listings-machine-learning-engineer-emperen-technologies-noida-5-to-10-years-200526916973,2026-06-03T20:35:37.291767
138e1f11f19e,Machine Learning Engineer,ML Engineer,Wipro,Noida,5-10 Yrs,5.0,10.0,3-5 Years (Mid),MLOps | Machine Learning | Docker | Llmops | Python | Kubernetes | Machine,7,1 week ago,https://www.naukri.com/job-listings-machine-learning-engineer-wroots-global-noida-pune-bengaluru-5-to-10-years-210526028749,2026-06-03T20:35:37.291767
5c5548d8e524,Machine Learning Engineer 4,ML Engineer,Adobe,Noida,9-14 Yrs,9.0,14.0,6-10 Years (Senior),Computer Science | Cloud Computing | Automation | Networking | Disaster Recovery | Shell Scripting | Scheduling | Adobe,8,1 week ago,https://www.naukri.com/job-listings-machine-learning-engineer-4-adobe-systems-india-pvt-ltd-noida-9-to-14-years-270526502811,2026-06-03T20:35:37.297767
ef6a12e7ff6c,Machine Learning Engineer 4,ML Engineer,Adobe,Noida,8-13 Yrs,8.0,13.0,6-10 Years (Senior),Computer Science | Adobe Acrobat | Data Science | System Integration | Machine Learning | Data Collection | Adobe | Monitoring,8,1 week ago,https://www.naukri.com/job-listings-machine-learning-engineer-4-adobe-systems-india-pvt-ltd-noida-8-to-13-years-210526502876,2026-06-03T20:35:37.298767
0fd902da3865,Machine Learning Engineer,ML Engineer,Sparix Global,Noida,4-9 Yrs,4.0,9.0,3-5 Years (Mid),Version Control | Control Testing | System Integration | Architectural Design | Machine Learning | Distribution System | Performance Monitoring | Deployment Lead,8,1 week ago,https://www.naukri.com/job-listings-machine-learning-engineer-sparix-global-private-limited-noida-4-to-9-years-260526503034,2026-06-03T20:35:37.299767
2965ba7e7691,Sr Software Engineer - Machine Learning (Pytorch/PySpark),Data Engineer,Gartner for HR,Gurgaon,4-6 Yrs,4.0,6.0,3-5 Years (Mid),Computer Science | Backend | Usage | NoSQL | Coding | Machine Learning | Manager Technology | Open Source,8,3+ weeks ago,https://www.naukri.com/job-listings-sr-software-engineer-machine-learning-pytorch-pyspark-gartner-for-hr-gurugram-4-to-6-years-030426500151,2026-06-03T20:35:48.907939
1868e4cd4998,Machine Learning Engineer,ML Engineer,Emperen Technologies,Gurgaon,5-10 Yrs,5.0,10.0,3-5 Years (Mid),Machine Learning | Kubernetes | Python | Airflow | Ai | Numpy | Docker | Reinforcement Learning,8,2 weeks ago,https://www.naukri.com/job-listings-machine-learning-engineer-emperen-technologies-gurugram-5-to-10-years-200526916977,2026-06-03T20:35:48.921259
458bf779fb6b,Data Scientist/Machine Learning(AI) Engineer,Data Scientist,Grintex,Gurgaon,4-5 Yrs,4.0,5.0,3-5 Years (Mid),Computer Science | Usage | Computer Vision | Opencv | Machine Learning | Data Analytics | Mathematics | Statistics,8,3+ weeks ago,https://www.naukri.com/job-listings-data-scientist-machine-learning-ai-engineer-grintex-india-gurugram-4-to-5-years-291025503458,2026-06-03T20:35:48.924259
e5efe181a3bc,Data Engineer-Machine Learning,Data Engineer,IBM,Gurgaon,5-10 Yrs,5.0,10.0,3-5 Years (Mid),Data Engineer | Algorithms | Data Analysis | NLP | Computer Vision | Algorithm Development | Visualization Tools | Data Visualization,8,6 days ago,https://www.naukri.com/job-listings-data-engineer-machine-learning-ibm-india-pvt-limited-gurugram-5-to-10-years-280526922420,2026-06-03T20:35:48.927265
3e0398ae4e1b,GEN AI Engineer,AI Engineer,Capgemini,Pune,4-9 Yrs,4.0,9.0,3-5 Years (Mid),Generative AI | Artificial Intelligence | Python | PyTorch | TensorFlow | Cloud Platforms | NLP | Machine Learning,8,3 weeks ago,https://www.naukri.com/job-listings-gen-ai-engineer-capgemini-pune-bengaluru-4-to-9-years-130526020334,2026-06-03T20:36:02.236405
9db55025a2a5,AI Engineer (GDC),AI Engineer,Hitachi Energy,Bangalore,3-8 Yrs,3.0,8.0,3-5 Years (Mid),Computer Science | System Architecture | Version Control | Git | Analytical | Artificial Intelligence | Machine Learning | Cloud,8,3+ weeks ago,https://www.naukri.com/job-listings-ai-engineer-gdc-hitachi-energy-bengaluru-3-to-8-years-140426501817,2026-06-03T20:36:02.238801
d8d0cc75bdf3,AI Expert / Principal AI Engineer,AI Engineer,Tata Consultancy Services,Hyderabad,10-20 Yrs,10.0,20.0,6-10 Years (Senior),Agentic Ai | Generative AI | Machine Learning | Artificial Intelligence | Machine,5,3 weeks ago,https://www.naukri.com/job-listings-ai-expert-principal-ai-engineer-tata-consultancy-services-hyderabad-pune-bengaluru-10-to-20-years-170426009832,2026-06-03T20:36:02.239851
87a509fd70ed,AI Engineer,AI Engineer,Infosys,Bangalore,3-5 Yrs,3.0,5.0,3-5 Years (Mid),Analytical Skills | Orchestration | Cloud Services | Devops | Performance Optimization | Deployment | Management | Monitoring,8,3+ weeks ago,https://www.naukri.com/job-listings-ai-engineer-infosys-technologies-ltd-bengaluru-3-to-5-years-010426505401,2026-06-03T20:36:02.240850
c7800e449500,AI engineer,AI Engineer,Hsbc,Bangalore,1-5 Yrs,1.0,5.0,0-2 Years (Fresher),Node | NLP | Leadership | Stakeholder Engagement | Aiml | Artificial Intelligence | Communication Skills | Machine Learning,8,3+ weeks ago,https://www.naukri.com/job-listings-ai-engineer-hsbc-electronic-data-processing-india-pvt-ltd-bengaluru-1-to-5-years-230925507706,2026-06-03T20:36:02.242836
f09966722ad4,Agentic AI Engineer,AI Engineer,Infosys,Pune,6-10 Yrs,6.0,10.0,6-10 Years (Senior),Agentic Ai | Generative AI | Aiml | Machine Learning | Python | LangChain | Artificial Intelligence | Machine,8,3 weeks ago,https://www.naukri.com/job-listings-agentic-ai-engineer-infosys-pune-chennai-bengaluru-6-to-10-years-241125033029,2026-06-03T20:36:02.245169
86560e500394,Agentic AI Engineer,AI Engineer,Persistent,Hyderabad,5-10 Yrs,5.0,10.0,3-5 Years (Mid),Genai | Agentic Ai | Python | Artificial Intelligence,4,3+ weeks ago,https://www.naukri.com/job-listings-agentic-ai-engineer-persistent-hyderabad-bengaluru-5-to-10-years-050526015522,2026-06-03T20:36:02.247178
5d37cbf4f265,AI Engineer,AI Engineer,Infosys,Bangalore,5-10 Yrs,5.0,10.0,3-5 Years (Mid),Onboarding | Git | Generative AI | Ai | Ide | Machine Learning | Knowledge Management | Gemini,8,Today,https://www.naukri.com/job-listings-ai-engineer-infosys-limited-bengaluru-5-to-10-years-030626913814,2026-06-03T20:36:02.249552
35c31cfd9e1a,Urgent Hiring GEN AI Engineer,AI Engineer,Calsoft,Indore,3-7 Yrs,3.0,7.0,3-5 Years (Mid),Agentic Ai | Genrative Ai | Aws Cloud | Retrieval Augmented Generation | Machine Learning | Llm Framework | System Design | LLMs,8,Few hours ago,https://www.naukri.com/job-listings-urgent-hiring-gen-ai-engineer-calsoft-indore-pune-bengaluru-3-to-7-years-030626024471,2026-06-03T20:36:02.250946
a9366183155e,Lead AI Engineer,AI Engineer,ORIGIN Exterminators,Bangalore,8-13 Yrs,8.0,13.0,6-10 Years (Senior),Performance Tuning | Deep Learning | C++ | Construction | Simulation | Cad | Development Lead | Research,8,Few hours ago,https://www.naukri.com/job-listings-lead-ai-engineer-origin-exterminators-bengaluru-8-to-13-years-030626502100,2026-06-03T20:36:02.252996
07196bf925c6,AI Engineer,AI Engineer,EY,Bangalore,6-20 Yrs,6.0,20.0,6-10 Years (Senior),Agentic Ai | LLMs | Python | Rag Model | Generative AI | Artificial Intelligence | Aiml | Machine Learning,8,Today,https://www.naukri.com/job-listings-ai-engineer-ey-bengaluru-6-to-20-years-030626011789,2026-06-03T20:36:02.253998
8e3888ff9a0c,Agentic AI Engineer,AI Engineer,"NTT DATA, Inc.",Hyderabad,5-10 Yrs,5.0,10.0,3-5 Years (Mid),Agentic Ai | Generative AI | Fast Api | Python | Api | Artificial Intelligence,6,1 day ago,https://www.naukri.com/job-listings-agentic-ai-engineer-ntt-data-inc-hyderabad-bengaluru-5-to-10-years-020626007014,2026-06-03T20:36:02.254997
a46ed6c64807,Generative AI Engineer,AI Engineer,Kairos Technologies,Hyderabad,6-8 Yrs,6.0,8.0,6-10 Years (Senior),Generative AI | Lang Chain | Llms | RAG | Python | Artificial Intelligence,6,2 days ago,https://www.naukri.com/job-listings-generative-ai-engineer-kairos-technologies-hyderabad-chennai-bengaluru-6-to-8-years-010626025927,2026-06-03T20:36:02.256996
9e2da4db9b39,AI Lead Engineer,Data Scientist,Tata Consultancy Services,Mumbai,12-18 Yrs,12.0,18.0,10+ Years (Lead/Principal),Artificial Intelligence | Agentic Ai | Machine Learning | Machine | Intelligence,5,1 day ago,https://www.naukri.com/job-listings-ai-lead-engineer-tata-consultancy-services-mumbai-chennai-bengaluru-12-to-18-years-020626022474,2026-06-03T20:36:02.258985
b1b1912e86cf,Responsible AI Engineer,AI Engineer,Accenture,Bangalore,15-20 Yrs,15.0,20.0,10+ Years (Lead/Principal),Ab Initio | Machine Learning | Artificial Intelligence | Data Integration | Process Transformation | Project Management | Python | Data Analytics,8,2 days ago,https://www.naukri.com/job-listings-responsible-ai-engineer-accenture-solutions-pvt-ltd-bengaluru-15-to-20-years-010626919142,2026-06-03T20:36:02.261508
5655040dcd7b,Lead AI Engineer - Hyderabad,AI Engineer,Tech Mahindra,Hyderabad,7-10 Yrs,7.0,10.0,6-10 Years (Senior),TensorFlow | Generative AI | NLP | AWS | Artificial Intelligence | Processing | Languages | Process,8,1 week ago,https://www.naukri.com/job-listings-lead-ai-engineer-hyderabad-tech-mahindra-hyderabad-chennai-bengaluru-7-to-10-years-250526038681,2026-06-03T20:36:02.262506
99e4fb086738,Generative AI Engineer,AI Engineer,Siemens,Bangalore,5-10 Yrs,5.0,10.0,3-5 Years (Mid),Ai Engineer | TensorFlow | Azure | Automation | Generative AI | Data Pipelines | Enterprise Systems | Use Cases,8,2 days ago,https://www.naukri.com/job-listings-generative-ai-engineer-siemens-limited-bengaluru-5-to-10-years-010626920609,2026-06-03T20:36:02.264505
c03d6c52420f,Lead AI Engineer,AI Engineer,Ecolab Global Services,Bangalore,6-8 Yrs,6.0,8.0,6-10 Years (Senior),Ai Engineer | Python | Git | Business Systems | Ai | LLMs | Machine Learning | Enterprise Integration,8,2 days ago,https://www.naukri.com/job-listings-lead-ai-engineer-ecolab-global-services-private-limited-bengaluru-6-to-8-years-010626922797,2026-06-03T20:36:02.266509
df2eb7e288ee,Lead AI Engineer,AI Engineer,Grid Dynamics,Hyderabad,6-10 Yrs,6.0,10.0,6-10 Years (Senior),LLMs | Python | Software Development | Technical Leadership | Ai | Data Engineering | Cloud Platform | Ai Engineer,8,1 week ago,https://www.naukri.com/job-listings-lead-ai-engineer-grid-dynamics-private-limited-hyderabad-bengaluru-6-to-10-years-270526932906,2026-06-03T20:36:02.268508
287247bf6a65,Lead AI Engineer,AI Engineer,Kobie Marketing,Bangalore,6-11 Yrs,6.0,11.0,6-10 Years (Senior),Cortex | Loop | Usage | Git | Architecture | Artificial Intelligence | Routing | SQL,8,1 day ago,https://www.naukri.com/job-listings-lead-ai-engineer-kobie-marketing-bengaluru-6-to-11-years-020626501622,2026-06-03T20:36:02.270523
d9a9525f4315,AI Engineering Architect,AI Engineer,Deloitte US-India Offices,Hyderabad,9-13 Yrs,9.0,13.0,6-10 Years (Senior),Artificial Intelligence | Life Sciences | Generative AI | Architecture | Intelligence | Engineering | Science,7,4 days ago,https://www.naukri.com/job-listings-ai-engineering-architect-deloitte-consulting-hyderabad-chennai-bengaluru-9-to-13-years-210426035635,2026-06-03T20:36:14.583231
2172e7ded031,Senior Gen AI Engineer - Hiring @Infosys (PAN INDIA),AI Engineer,Infosys,Hyderabad,5-10 Yrs,5.0,10.0,3-5 Years (Mid),Agentic Ai | Generative AI | Python | RAG | Mcp | Artificial Intelligence | Senior | Hiring,8,2 days ago,https://www.naukri.com/job-listings-senior-gen-ai-engineer-hiring-infosys-pan-india-infosys-hyderabad-chennai-bengaluru-5-to-10-years-130326033229,2026-06-03T20:36:14.586864
85697a7c2ccc,Responsible AI Engineer,AI Engineer,Accenture,Hyderabad,5-10 Yrs,5.0,10.0,3-5 Years (Mid),Ai Engineer | Design | Ethical Ai | Artificial Intelligence | Ai Technologies | Ai | Intelligence | Ethics,8,3+ weeks ago,https://www.naukri.com/job-listings-responsible-ai-engineer-accenture-solutions-pvt-ltd-hyderabad-5-to-10-years-050526915802,2026-06-03T20:36:14.587755
298503aa5ba7,Gen AI Engineer,AI Engineer,Qloron Technology,Hyderabad,6-8 Yrs,6.0,8.0,6-10 Years (Senior),Computer Vision | Algorithms | Python | C++ | Cnn | NLP | Neural Networks | Machine Learning,8,Few hours ago,https://www.naukri.com/job-listings-gen-ai-engineer-qloron-pvt-ltd-hyderabad-6-to-8-years-030626504757,2026-06-03T20:36:14.590786
02bd8bc4dd3f,Databricks AI Engineer,AI Engineer,Iitjobs Inc.,Hyderabad,6-11 Yrs,6.0,11.0,6-10 Years (Senior),PySpark | Data Engineering | Databricks Engineer | Python | SQL | Aiml | Engineering | Data,8,Just now,https://www.naukri.com/job-listings-databricks-ai-engineer-iitjobs-inc-hyderabad-pune-bengaluru-6-to-11-years-030626031649,2026-06-03T20:36:14.591804
74ff9c9b7c30,Lead AI Engineer,AI Engineer,Nxtwave Disruptive Technologies (Hiring for a client),Hyderabad,4-6 Yrs,4.0,6.0,3-5 Years (Mid),TensorFlow | Aiml | Python | PyTorch | Algorithms | NLP | Neural Networks | Al,8,5 days ago,https://www.naukri.com/job-listings-lead-ai-engineer-nxtwave-disruptive-technologies-hiring-for-a-client-hyderabad-4-to-6-years-280526031343,2026-06-03T20:36:14.595805
538d37eb1992,AI Engineer,AI Engineer,Meltwater,Hyderabad,2-3 Yrs,2.0,3.0,0-2 Years (Fresher),Computer Science | Computer Vision | Health Insurance | Orchestration | Debugging | Agile | Genetics,7,1 day ago,https://www.naukri.com/job-listings-ai-engineer-meltwater-hyderabad-2-to-3-years-020626501942,2026-06-03T20:36:14.597786
01e9fd1a78cf,Generative AI Engineer,AI Engineer,Leading Client,Hyderabad,3-8 Yrs,3.0,8.0,3-5 Years (Mid),Generative AI | Prompt Engineering | Vector Db | LangChain | RAG | Openai | Gpt | LLMs,8,1 week ago,https://www.naukri.com/job-listings-generative-ai-engineer-talent-corner-hr-services-pvt-ltd-noida-hyderabad-bengaluru-3-to-8-years-270526911509,2026-06-03T20:36:14.599557
fa594d894942,Gen AI Engineer,AI Engineer,Experian,Hyderabad,3-8 Yrs,3.0,8.0,3-5 Years (Mid),Ai Engineer | Regression Testing | Compliance | Ai | LLMs | Microservices | Kanban | Docker,8,2 days ago,https://www.naukri.com/job-listings-gen-ai-engineer-experian-services-india-private-limited-hyderabad-3-to-8-years-010626921381,2026-06-03T20:36:14.601577
dcbe12c0523d,AI Engineer,AI Engineer,NOVARTIS,Hyderabad,5-8 Yrs,5.0,8.0,3-5 Years (Mid),Computer Science | Front End | Prototype | Pdf | Production Support | Artificial Intelligence | Machine Learning | Agile,8,1 day ago,https://www.naukri.com/job-listings-ai-engineer-novartis-healthcare-pvt-ltd-hyderabad-5-to-8-years-020626502053,2026-06-03T20:36:14.603616
5e73c098e834,Lead AI Engineer,AI Engineer,Experian,Hyderabad,5-10 Yrs,5.0,10.0,3-5 Years (Mid),Ai Engineer | S3 | Data Engineering | Data Pipelines | Compliance | Architecture | Ai | Devsecops,8,2 days ago,https://www.naukri.com/job-listings-lead-ai-engineer-experian-services-india-private-limited-hyderabad-5-to-10-years-010626921610,2026-06-03T20:36:14.608192
cf6575e96cbe,Principal AI Engineer,AI Engineer,Cornerstone,Hyderabad,5-11 Yrs,5.0,11.0,3-5 Years (Mid),Java | Ai | AWS | Artificial Intelligence,4,Few hours ago,https://www.naukri.com/job-listings-principal-ai-engineer-cornerstone-hyderabad-5-to-11-years-030626026582,2026-06-03T20:36:14.610195
5ae6b0597ec8,Lead AI Engineer,AI Engineer,Verisk,Hyderabad,8-13 Yrs,8.0,13.0,6-10 Years (Senior),Backend | Git | Orchestration | Coding | Analytical | Data Structures | System Design | Business Solutions,8,1 week ago,https://www.naukri.com/job-listings-lead-ai-engineer-verisk-analytics-india-private-limited-hyderabad-8-to-13-years-270526502044,2026-06-03T20:36:14.611194
8826445b9b69,Agentic AI Engineer,AI Engineer,Waferwire Cloud Technologies,Hyderabad,7-10 Yrs,7.0,10.0,6-10 Years (Senior),Agentic Ai | Servicenow | Now Assist | Generative AI | Ai Agent Builder | LLMs | Assistance | Artificial Intelligence,8,2 days ago,https://www.naukri.com/job-listings-agentic-ai-engineer-waferwire-cloud-technologies-hyderabad-7-to-10-years-010626006149,2026-06-03T20:36:14.616201
8a8a8d0a26c2,Agentic AI Engineer,AI Engineer,Wipro,Pune,4-9 Yrs,4.0,9.0,3-5 Years (Mid),Agentic Ai | LangChain | Artificial Intelligence,3,3+ weeks ago,https://www.naukri.com/job-listings-agentic-ai-engineer-wipro-pune-4-to-9-years-050526023095,2026-06-03T20:36:27.574974
6a45f1851461,AI Engineering Lead-VP,AI Engineer,Barclays,Pune,9-14 Yrs,9.0,14.0,6-10 Years (Senior),R,1,3+ weeks ago,https://www.naukri.com/job-listings-ai-engineering-lead-vp-barclays-shared-services-pune-9-to-14-years-270226504815,2026-06-03T20:36:27.577487
d4c69deb3bb1,Senior AI Engineer GenAI & ML solutions,AI Engineer,Crisil,Pune,4-7 Yrs,4.0,7.0,3-5 Years (Mid),Algorithms | Continuous Integration | Cd | Python | Git | NLP | System Design | Azure,8,2 weeks ago,https://www.naukri.com/job-listings-senior-ai-engineer-genai-ml-solutions-crisil-pune-4-to-7-years-210126501174,2026-06-03T20:36:27.578770
22c3a4f57ce9,"Senior AI Engineer,AVP",AI Engineer,Deutsche Bank,Pune,10-14 Yrs,10.0,14.0,6-10 Years (Senior),Computer Science | Automation | Manager Quality Assurance | Infrastructure Management | System Integration | Workflow | Html | Monitoring,8,3+ weeks ago,https://www.naukri.com/job-listings-senior-ai-engineer-avp-deutsche-bank-pune-10-to-14-years-021225506653,2026-06-03T20:36:27.580858
2ce31d1299d6,Gen Ai Engineer ( AWS bedrock),AI Engineer,Capgemini,Pune,5-9 Yrs,5.0,9.0,3-5 Years (Mid),Aws Bedrock | Generative AI | Retrieval Augmented Generation | Machine Learning | NLP | LLMs | Deep Learning | Languages,8,3 weeks ago,https://www.naukri.com/job-listings-gen-ai-engineer-aws-bedrock-capgemini-pune-chennai-bengaluru-5-to-9-years-230126019696,2026-06-03T20:36:27.581858
958b97b80fb1,AI Engineer,AI Engineer,Zensar,Pune,3-5 Yrs,3.0,5.0,3-5 Years (Mid),Network Automation | Neo4J | Data Science | Machine Learning | Cloud | Security Agent | Data Processing | Deployment,8,3+ weeks ago,https://www.naukri.com/job-listings-ai-engineer-zensar-technologies-pune-3-to-5-years-090326501641,2026-06-03T20:36:27.584859
9a3b6a1219de,AI Engineer with Azure (GenAI / LLM),AI Engineer,Cognizant,Pune,8-12 Yrs,8.0,12.0,6-10 Years (Senior),Prompt Engineering | Generative AI | LangChain | Azure Cloud | Aks | Artificial Intelligence | Cloud | Engineering,8,Few hours ago,https://www.naukri.com/job-listings-ai-engineer-with-azure-genai-llm-cognizant-pune-bengaluru-8-to-12-years-020626009080,2026-06-03T20:36:27.585858
2a3f88e74683,Gen AI Engineer,AI Engineer,Avenoir Technologies,Remote,3-8 Yrs,3.0,8.0,3-5 Years (Mid),Generative AI | Api | Machine Learning | Chatbot | Python | Artificial Intelligence | Machine | Gen,8,Today,https://www.naukri.com/job-listings-gen-ai-engineer-avenoir-technologies-pune-3-to-8-years-030626018653,2026-06-03T20:36:27.587839
25a90b911e12,Agentic AI Engineer (Gurgaon/Chennai/Bangalore/Pune),AI Engineer,Tata Consultancy Services,Pune,7-12 Yrs,7.0,12.0,6-10 Years (Senior),R,1,2 weeks ago,https://www.naukri.com/job-listings-agentic-ai-engineer-gurgaon-chennai-bangalore-pune-tata-consultancy-services-pune-gurugram-bengaluru-7-to-12-years-200526042868,2026-06-03T20:36:27.590860
1b2b66b95eae,AI Engineer,AI Engineer,Eternus Solutions (Now InfoBeans),Chennai,5-10 Yrs,5.0,10.0,3-5 Years (Mid),R,1,2 weeks ago,https://www.naukri.com/job-listings-180526506237,2026-06-03T20:36:27.591827
3ff57908944e,Agentic AI Engineer,AI Engineer,Bounteous x Accolite,Pune,5-8 Yrs,5.0,8.0,3-5 Years (Mid),R,1,2 days ago,https://www.naukri.com/job-listings-agentic-ai-engineer-bounteous-x-accolite-pune-gurugram-bengaluru-5-to-8-years-010626026237,2026-06-03T20:36:27.594450
edfe0878f1ae,Agentic AI Engineer - Blackstraw.ai,AI Engineer,Blackstraw Technologies,Pune,2-7 Yrs,2.0,7.0,0-2 Years (Fresher),Generative AI | Api Integration | Agentic Ai | LLMs | Python | Ml Engineering | Ai Agents | LangChain,8,5 days ago,https://www.naukri.com/job-listings-agentic-ai-engineer-blackstraw-ai-blackstraw-technologies-pune-chennai-bengaluru-2-to-7-years-280526020386,2026-06-03T20:36:27.597449
0caa9ba5691b,Gen AI Engineer / Lead,AI Engineer,Tekskills India Pvt ltd,Pune,5-10 Yrs,5.0,10.0,3-5 Years (Mid),Python | Huggingface | Generative AI | Langgraph | LangChain | Artificial Intelligence | Aiml | RAG,8,5 days ago,https://www.naukri.com/job-listings-gen-ai-engineer-lead-tekskills-pune-5-to-10-years-290526920766,2026-06-03T20:36:27.599448
6d2eecc6d0ee,AI Engineer,AI Engineer,Sunbrilo Technology,Pune,4-7 Yrs,4.0,7.0,3-5 Years (Mid),Deep Learning | Usage | Machine Learning | Cloud | Deployment | Python | Artificial Intelligence | Machine,8,2 days ago,https://www.naukri.com/job-listings-ai-engineer-sunbrilo-technologies-pvt-ltd-pune-4-to-7-years-010626504811,2026-06-03T20:36:27.600425
ffebd0f981dc,Agentic AI Engineer,AI Engineer,Persistent,Pune,5-10 Yrs,5.0,10.0,3-5 Years (Mid),R,1,1 day ago,https://www.naukri.com/job-listings-agentic-ai-engineer-persistent-pune-5-to-10-years-020626007082,2026-06-03T20:36:27.602421
337dbbb226c2,Lead AI Engineer,AI Engineer,Boston Consulting Group,Mumbai,2-7 Yrs,2.0,7.0,0-2 Years (Fresher),Data Science | Machine Learning | Consulting | Javascript | Agile | Data Structures | Product Design | Business Solutions,8,3+ weeks ago,https://www.naukri.com/job-listings-lead-ai-engineer-boston-consulting-group-mumbai-2-to-7-years-260226506200,2026-06-03T20:36:39.582974
9369adf4384e,Senior AI Engineer GenAI & ML solutions,AI Engineer,Crisil,Mumbai,4-7 Yrs,4.0,7.0,3-5 Years (Mid),Computer Science | Software Design | Coding | GCP | Artificial Intelligence | System Design | Data Structures | Credit Rating,8,3+ weeks ago,https://www.naukri.com/job-listings-senior-ai-engineer-genai-ml-solutions-crisil-mumbai-4-to-7-years-140426501861,2026-06-03T20:36:39.585950
3ea2c2e70034,Lead AI Engineer,AI Engineer,Fractal Analytics,Mumbai,15-20 Yrs,15.0,20.0,10+ Years (Lead/Principal),Usage | Orchestration | Architecture | Consulting | Data Quality | Delivery Leadership | Technical Architecture | Stakeholder Management,8,3+ weeks ago,https://www.naukri.com/job-listings-lead-ai-engineer-fractal-analytics-ltd-mumbai-15-to-20-years-270426503111,2026-06-03T20:36:39.587974
5b0504363009,Applied Artificial Intelligence & ML Engineer - Associate,ML Engineer,JPMorgan Chase Bank,Mumbai,5-10 Yrs,5.0,10.0,3-5 Years (Mid),Application Design | Automation Testing | Artificial Intelligence | Machine Learning | Agile | Project Planning | Investment Banking | Unit Testing,8,3+ weeks ago,https://www.naukri.com/job-listings-applied-artificial-intelligence-ml-engineer-associate-jp-morgan-and-chase-mumbai-5-to-10-years-180226500621,2026-06-03T20:36:39.588975
04de0285327e,AI Engineer,AI Engineer,Milliman,Mumbai,2-3 Yrs,2.0,3.0,0-2 Years (Fresher),Computer Science | Front End | Version Control | Xml | Consulting | Javascript | Mvc | Information Technology,8,3+ weeks ago,https://www.naukri.com/job-listings-ai-engineer-milliman-mumbai-2-to-3-years-231025501503,2026-06-03T20:36:39.589975
004272d0a44f,Senior Software Engineer / Lead Software Engineer Salesforce,Other,Wartsila,Mumbai,5-8 Yrs,5.0,8.0,3-5 Years (Mid),Sap | Project Management | Analytical | Javascript | Problem Management | Agile | Continuous Improvement | Operations,8,3+ weeks ago,https://www.naukri.com/job-listings-senior-software-engineer-lead-software-engineer-salesforce-wartsila-india-ltd-mumbai-5-to-8-years-050624501979,2026-06-03T20:36:39.592956
db6a04726475,AI Engineer Trainee / Intern,AI Engineer,Softlabs Technologies And Development,Mumbai,Not Specified,,,Not Specified,R,1,Starts in 1-3 months,https://www.naukri.com/job-listings-ai-engineer-trainee-intern-softlabs-group-mumbai-0-to-1-years-030626502627,2026-06-03T20:36:39.595296
dcd0ef6bd6c7,Hiring For AI Engineer,AI Engineer,CTD Techs,Mumbai,5-8 Yrs,5.0,8.0,3-5 Years (Mid),PyTorch | RAG | LLMs | TensorFlow | Huggingface | Artificial Intelligence | Transformers | Bert,8,1 day ago,https://www.naukri.com/job-listings-hiring-for-ai-engineer-ctd-techs-chennai-mumbai-all-areas-5-to-8-years-231225041038,2026-06-03T20:36:39.598293
8d471248764e,Lead AI Engineer GenAI Engineering,AI Engineer,Crisil,Mumbai,7-10 Yrs,7.0,10.0,6-10 Years (Senior),Software Design | Coding | GCP | Engineering Manager | System Design | Data Structures | Credit Rating | Financial Services,8,1 week ago,https://www.naukri.com/job-listings-lead-ai-engineer-genai-engineering-crisil-mumbai-7-to-10-years-220526500792,2026-06-03T20:36:39.600555
fe7a50af2f21,AI/ Generative AI Engineer,AI Engineer,TEM Association,Mumbai,2-6 Yrs,2.0,6.0,0-2 Years (Fresher),Generative AI | LangChain | LLMs | Retrieval Augmented Generation | Python | Large | Generation | Languages,8,1 week ago,https://www.naukri.com/job-listings-ai-generative-ai-engineer-tem-association-bengaluru-mumbai-all-areas-2-to-6-years-240526003238,2026-06-03T20:36:39.602697
d5ff031555fe,Artificial Intelligence Engineer,AI Engineer,TRUSTKLUB Consulting,Navi Mumbai,6-10 Yrs,6.0,10.0,6-10 Years (Senior),Ai Strategy | Machine Learning | Python | Intelligence | Artificial Intelligence | Machine,6,1 day ago,https://www.naukri.com/job-listings-artificial-intelligence-engineer-trustklub-consulting-navi-mumbai-mumbai-all-areas-6-to-10-years-020626013479,2026-06-03T20:36:39.603689
164e829f34e3,AI Engineer,AI Engineer,Yotta Infrastructure,Mumbai,3-7 Yrs,3.0,7.0,3-5 Years (Mid),Ai | MLOps | TensorFlow | Jax | Generative AI | LangChain | NLP | Crew Ai,8,1 day ago,https://www.naukri.com/job-listings-ai-engineer-yotta-infrastructure-mumbai-3-to-7-years-020626015523,2026-06-03T20:36:39.606760
f1d4d4ed22be,Ai Engineer,AI Engineer,Humancloud Technologies,Mumbai,5-7 Yrs,5.0,7.0,3-5 Years (Mid),Agentic Ai | Generative AI | Langgraph | RAG | LangChain | Vector Database | Embedded Development | Machine Learning,8,1 week ago,https://www.naukri.com/job-listings-ai-engineer-humancloud-technologies-mumbai-5-to-7-years-270526031324,2026-06-03T20:36:39.608709
f173910a89e5,AI Engineer - ElevenLabs,AI Engineer,SWS Smart Working Solutions,Mumbai,2-5 Yrs,2.0,5.0,0-2 Years (Fresher),Remediation | Automation | Artificial Intelligence | Workflow | Customer Support | Vb | Middleware | Operations,8,5 days ago,https://www.naukri.com/job-listings-ai-engineer-elevenlabs-smart-working-noida-kochi-mumbai-indore-pune-chennai-jaipur-2-to-5-years-290526506539,2026-06-03T20:36:39.611718
6b66361767dc,GenAI & Agentic AI Engineer / Lead,AI Engineer,Capgemini,Navi Mumbai,12-14 Yrs,12.0,14.0,10+ Years (Lead/Principal),Ai Engineer | Rest | Python | Automation Anywhere | Ai | Cloud Platforms | Presales | Knowledge Management,8,2 days ago,https://www.naukri.com/job-listings-genai-agentic-ai-engineer-lead-capgemini-technology-services-india-limited-navi-mumbai-12-to-14-years-010626911993,2026-06-03T20:36:39.612718
5f19817b8687,Lead AI Engineer,AI Engineer,Avendus,Mumbai,5-7 Yrs,5.0,7.0,3-5 Years (Mid),Python | NLP | Neural Networks | Engineering | Machine Learning | Artificial Intelligence | Application Development | SQL,8,1 week ago,https://www.naukri.com/job-listings-lead-ai-engineer-avendus-capital-pvt-ltd-mumbai-5-to-7-years-260526500618,2026-06-03T20:36:39.614758
c5629e7a2ba2,Kent | AI Engineer,AI Engineer,Kent PLC,Mumbai,5-10 Yrs,5.0,10.0,3-5 Years (Mid),Computer Science | Automation | Backend | PostgreSQL | Workflow | Html | Microsoft | Monitoring,8,6 days ago,https://www.naukri.com/job-listings-kent-ai-engineer-kent-plc-mumbai-5-to-10-years-280526503196,2026-06-03T20:36:39.617750
2a75ecfe3790,Generative AI Engineer,AI Engineer,Easemytrip,Gurgaon,1-4 Yrs,1.0,4.0,0-2 Years (Fresher),Artificial Intelligence | LLMs | Conversational Ai | Openai | Python | Database Design | Serverless Architecture | Sentiment Analysis,8,4 days ago,https://www.naukri.com/job-listings-generative-ai-engineer-easemytrip-com-gurugram-1-to-4-years-120525010837,2026-06-03T20:36:52.236321
468a908386da,Immediate Hiring-Agentic AI-Generative AI Engineer-Gurgaon-UK Shift,AI Engineer,Genpact,Gurgaon,6-11 Yrs,6.0,11.0,6-10 Years (Senior),Agentic Ai | Generative AI | Artificial Intelligence | Retrieval Augmented Generation | Machine Learning | Intelligence | Generation | Machine,8,2 weeks ago,https://www.naukri.com/job-listings-immediate-hiring-agentic-ai-generative-ai-engineer-gurgaon-uk-shift-genpact-gurugram-6-to-11-years-180326032239,2026-06-03T20:36:52.239606
d072b9cd8112,AI Engineer,AI Engineer,PayU,Gurgaon,4-7 Yrs,4.0,7.0,3-5 Years (Mid),Maven | Backend | Git | NoSQL | Schema | Jpa | Operations,7,3+ weeks ago,https://www.naukri.com/job-listings-ai-engineer-payu-india-gurugram-4-to-7-years-200426503330,2026-06-03T20:36:52.240649
05ed59e83285,Associate AI Engineer,AI Engineer,Johnnette Technologies,Noida,2-3 Yrs,2.0,3.0,0-2 Years (Fresher),Computer Science | Computer Vision | Communication Protocols | Neural Networks | Analytical | Artificial Intelligence | Debugging,7,Few hours ago,https://www.naukri.com/job-listings-associate-ai-engineer-johnnette-technologies-noida-2-to-3-years-030626504600,2026-06-03T20:36:52.242803
14f894369f80,AI Engineer,AI Engineer,HCLTech,Noida,5-10 Yrs,5.0,10.0,3-5 Years (Mid),Generative AI | Retrieval Augmented Generation | Python | LangChain | Artificial Intelligence | Generation | Intelligence,7,1 week ago,https://www.naukri.com/job-listings-ai-engineer-hcltech-noida-hyderabad-bengaluru-5-to-10-years-190526011845,2026-06-03T20:36:52.243869
d011154c2c47,Agentic AI Engineer,AI Engineer,Tech Mahindra,Noida,7-12 Yrs,7.0,12.0,6-10 Years (Senior),Agentic Ai | Aws Lambda | Fastapi | Python | Lambda Expressions | Artificial Intelligence | AWS,7,2 weeks ago,https://www.naukri.com/job-listings-agentic-ai-engineer-tech-mahindra-noida-pune-bengaluru-7-to-12-years-190526028791,2026-06-03T20:36:52.244887
d364d29d12fe,Generative Ai Engineer,AI Engineer,Consulting Firm,Hyderabad,6-11 Yrs,6.0,11.0,6-10 Years (Senior),Generative AI | Artificial Intelligence | Python | NLP | Copilot | Machine Learning | Deep Learning | LLMs,8,2 days ago,https://www.naukri.com/job-listings-generative-ai-engineer-anlage-infotech-hyderabad-gurugram-bengaluru-6-to-11-years-160426013472,2026-06-03T20:36:52.246887
5192b1e2d4b3,Artificial Intelligence Engineer/ AI Engineer,AI Engineer,Glenninfo Techindia,Remote,7-12 Yrs,7.0,12.0,6-10 Years (Senior),Ai | RAG | LLMs | Python | Machine Learning | AWS | Deep Learning,7,2 days ago,https://www.naukri.com/job-listings-artificial-intelligence-engineer-ai-engineer-glenninfo-techindia-gurugram-7-to-12-years-020426034029,2026-06-03T20:36:52.247883
8ff0f47c98a9,Generative AI Engineer,AI Engineer,Tata Consultancy Services,Delhi,4-8 Yrs,4.0,8.0,3-5 Years (Mid),Agentic Ai | Azure | Retrieval Augmented Generation | Python | Artificial Intelligence | Generation,6,2 weeks ago,https://www.naukri.com/job-listings-generative-ai-engineer-tata-consultancy-services-new-delhi-pune-bengaluru-4-to-8-years-190526012009,2026-06-03T20:36:52.250950
12176ba7fedf,AI Engineer,AI Engineer,Ecordon Solutions,Noida,0-1 Yrs,0.0,1.0,0-2 Years (Fresher),Ai Engineer | Ai | Troubleshooting | Agile | Artificial Intelligence | Ai Models | Architecture | Intelligence,8,1 week ago,https://www.naukri.com/job-listings-ai-engineer-ecordon-solutions-noida-sector-63-0-to-1-years-250526931323,2026-06-03T20:36:52.253883
998903bda01d,Junior AI Engineer,AI Engineer,Amlgo Labs,Gurgaon,0-2 Yrs,0.0,2.0,0-2 Years (Fresher),Artificial Intelligence | Computer Vision | Retrieval Augmented Generation | Machine Learning | Python | Predictive Modeling | Advanced Analytics | NLP,8,6 days ago,https://www.naukri.com/job-listings-junior-ai-engineer-amlgo-labs-gurugram-0-to-2-years-280526011807,2026-06-03T20:36:52.255850
287781add9ce,Gen AI Engineer / Lead,AI Engineer,Tekskills India Pvt ltd,Gurgaon,5-10 Yrs,5.0,10.0,3-5 Years (Mid),Python | Huggingface | Generative AI | Langgraph | LangChain | Artificial Intelligence | Aiml | RAG,8,5 days ago,https://www.naukri.com/job-listings-gen-ai-engineer-lead-tekskills-gurugram-5-to-10-years-290526920770,2026-06-03T20:36:52.258206
f31d2147dbc8,Agentic AI Engineer,AI Engineer,EXL,Pune,3-5 Yrs,3.0,5.0,3-5 Years (Mid),Agentic Ai | Aiml | Machine Learning | Python | Cloud | Api | Artificial Intelligence | Machine,8,6 days ago,https://www.naukri.com/job-listings-agentic-ai-engineer-exl-pune-gurugram-bengaluru-3-to-5-years-280526022286,2026-06-03T20:36:52.261201
2bf13cf01577,AI Engineer,AI Engineer,Ecordon Solutions,Noida,0-1 Yrs,0.0,1.0,0-2 Years (Fresher),Ai Engineer | Data Engineering | Ai | Machine Learning | Artificial Intelligence | Machine | Engineering | Data,8,1 week ago,https://www.naukri.com/job-listings-ai-engineer-ecordon-solutions-noida-sector-63-0-to-1-years-250526931321,2026-06-03T20:36:52.263201
9b4de24ba8ad,AI Engineer,AI Engineer,Premium,Delhi,3-5 Yrs,3.0,5.0,3-5 Years (Mid),Artificial Intelligence | LLMs | Python | Genai | Generativeai | Agentic Ai | Agenticai | Generative AI,8,1 week ago,https://www.naukri.com/job-listings-ai-engineer-noida-new-delhi-gurugram-3-to-5-years-270526012581,2026-06-03T20:36:52.265198
2ea1c9ad52de,Gen AI Engineer,AI Engineer,Capgemini,Kolkata,5-10 Yrs,5.0,10.0,3-5 Years (Mid),Generative AI | Python | TensorFlow | PyTorch | Deep Learning | Machine Learning | Artificial Intelligence | Machine,8,5 days ago,https://www.naukri.com/job-listings-gen-ai-engineer-capgemini-kolkata-gurugram-5-to-10-years-290526004103,2026-06-03T20:36:52.270696
c1af5d5836e2,Artificial Intelligence Engineer,AI Engineer,Valeo,Chennai,0-5 Yrs,0.0,5.0,0-2 Years (Fresher),Incharge | Coding | Design Validation | Artificial Intelligence | Design Calculations | Thermal | Engineering Manager | Technical Architecture,8,3+ weeks ago,https://www.naukri.com/job-listings-artificial-intelligence-engineer-valeo-india-pvt-ltd-chennai-0-to-5-years-071025500833,2026-06-03T20:37:06.587074
a3808582f044,AI Engineer - Data and AI,AI Engineer,Tiger Analytics,Chennai,5-9 Yrs,5.0,9.0,3-5 Years (Mid),Generative AI | Artificial Intelligence | Ai Engineer | Machine Learning | Python | TensorFlow | NLP | LLMs,8,1 week ago,https://www.naukri.com/job-listings-ai-engineer-data-and-ai-tiger-analytics-hyderabad-chennai-bengaluru-5-to-9-years-171025020965,2026-06-03T20:37:06.589260
557f7df587ef,AI Engineer,AI Engineer,WPP,Chennai,7-9 Yrs,7.0,9.0,6-10 Years (Senior),It Services | Automation | Manager Quality Assurance | Machine Learning | Agile | Scrum | Microsoft | Project Delivery,8,3+ weeks ago,https://www.naukri.com/job-listings-ai-engineer-wpp-aunz-chennai-7-to-9-years-050226502645,2026-06-03T20:37:06.591410
031650a71a8f,Gen - AI Engineer,AI Engineer,Johnson Electric,Chennai,5-10 Yrs,5.0,10.0,3-5 Years (Mid),Generative AI | Python | Java | Prompt Engineering | C++ | LLMs | Devops | Machine Learning,8,2 weeks ago,https://www.naukri.com/job-listings-gen-ai-engineer-johnson-electric-chennai-5-to-10-years-210426037930,2026-06-03T20:37:06.594008
7e93067c0001,Senior AI Engineer Python,AI Engineer,UPS Supply Chain Solutions (UPS SCS),Chennai,5-10 Yrs,5.0,10.0,3-5 Years (Mid),Prototype | Orchestration | Data Science | GCP | Machine Learning | Open Source | Monitoring | SQL,8,3+ weeks ago,https://www.naukri.com/job-listings-senior-ai-engineer-python-ups-pvt-ltd-chennai-5-to-10-years-081025503178,2026-06-03T20:37:06.598989
40aae8791a01,AI Engineer (LLMs / RAG / ML / DL),AI Engineer,Tata Consultancy Services,Chennai,6-9 Yrs,6.0,9.0,6-10 Years (Senior),Artificial Intelligence | LLMs | Machine Learning | Intelligence | Machine | Deep Learning,6,1 day ago,https://www.naukri.com/job-listings-ai-engineer-llms-rag-ml-dl-tata-consultancy-services-chennai-6-to-9-years-020626008841,2026-06-03T20:37:06.601007
a8b7ab7e9c64,Artificial Intelligence Engineer (AI Engineer),AI Engineer,Moder Solutions,Chennai,5-10 Yrs,5.0,10.0,3-5 Years (Mid),Aws Bedrock | Retrieval Augmented Generation | LLMs | Azure Devops | Python | AWS | Intelligence | Artificial Intelligence,8,2 weeks ago,https://www.naukri.com/job-listings-artificial-intelligence-engineer-ai-engineer-moder-solutions-chennai-bengaluru-5-to-10-years-190526018942,2026-06-03T20:37:06.603070
b65ab1f41065,Gen AI engineer,AI Engineer,Cognizant,Chennai,10-15 Yrs,10.0,15.0,6-10 Years (Senior),R,1,1 day ago,https://www.naukri.com/job-listings-gen-ai-engineer-cognizant-chennai-10-to-15-years-020626027374,2026-06-03T20:37:06.605952
915ce5cf9d08,AI Engineer,AI Engineer,Orangepeople,Chennai,3-5 Yrs,3.0,5.0,3-5 Years (Mid),Automation | Backend | Managed Services | Enterprise Architecture | Staffing | MySQL | Account Management | Analytics,8,Few hours ago,https://www.naukri.com/job-listings-ai-engineer-orangepeople-chennai-3-to-5-years-030626502425,2026-06-03T20:37:06.612801
e590970d5215,Generative AI Engineer,AI Engineer,Tata Consultancy Services,Chennai,4-6 Yrs,4.0,6.0,3-5 Years (Mid),LangChain | Devops | Langgraph | Aws Infrastructure | Retrieval Augmented Generation | Aws Cloudformation | Generative AI | Ci/Cd,8,1 day ago,https://www.naukri.com/job-listings-generative-ai-engineer-tata-consultancy-services-kolkata-chennai-4-to-6-years-010626029876,2026-06-03T20:37:06.618822
be443414d3b5,AI Engineer,AI Engineer,Infobeans,Chennai,2-7 Yrs,2.0,7.0,0-2 Years (Fresher),Computer Vision | C++ | Python | Cnn | NLP | Neural Networks | Machine Learning | Artificial Intelligence,8,5 days ago,https://www.naukri.com/job-listings-ai-engineer-infobeans-systems-i-pvt-ltd-chennai-2-to-7-years-290526500308,2026-06-03T20:37:06.621230
e31038dc6bb4,Senior Machine Learning Engineer,ML Engineer,Adobe,Noida,10-15 Yrs,10.0,15.0,6-10 Years (Senior),Computer Science | Adobe Acrobat | Backend | Usage | Lead Architect | Illustrator | Machine Learning | Technical Leadership,8,3+ weeks ago,https://www.naukri.com/job-listings-senior-machine-learning-engineer-adobe-systems-india-pvt-ltd-noida-10-to-15-years-220426502505,2026-06-03T20:37:22.047393
db98553803cc,Senior Software Engineer - C/C++,Other,Sopra Steria,Noida,2-4 Yrs,2.0,4.0,0-2 Years (Fresher),Analytical Skills | C++ | Uml | Devops | Data Structures | Cmmi | Plsql | Perl,8,3+ weeks ago,https://www.naukri.com/job-listings-senior-software-engineer-c-c-sopra-steria-noida-2-to-4-years-220126500068,2026-06-03T20:37:22.051814
b2f7927d31f3,Gen AI Engineer,AI Engineer,Ericsson,Noida,2-7 Yrs,2.0,7.0,0-2 Years (Fresher),LangChain | Agentic Ai | RAG | Llm Tuning | Python | Agent Loop | Strands | Agenic Ai,8,2 weeks ago,https://www.naukri.com/job-listings-gen-ai-engineer-ericsson-noida-kolkata-bengaluru-2-to-7-years-180526028835,2026-06-03T20:37:22.057337
049b5a749b03,AI Engineer,AI Engineer,Big 4 IT Consulting,Noida,5-10 Yrs,5.0,10.0,3-5 Years (Mid),Generative AI | Agentic | Ai | RAG | Machine Learning | Langgraph | LangChain | LLMs,8,2 weeks ago,https://www.naukri.com/job-listings-ai-engineer-the-glove-noida-bengaluru-5-to-10-years-190526035982,2026-06-03T20:37:22.059337
79a37fdffd18,Generative AI Engineer,AI Engineer,Naukri E Hire Campaign,Noida,6-12 Yrs,6.0,12.0,6-10 Years (Senior),Generative AI | LangChain | Python | Senior Artificial Intelligence Engineer | Evaluation | Langraph | SQL,7,2 weeks ago,https://www.naukri.com/job-listings-generative-ai-engineer-naukri-e-hire-campaign-noida-pune-gurugram-6-to-12-years-190526021404,2026-06-03T20:37:22.063653
f7f66677637c,Generative AI Engineer,AI Engineer,Sunovaa Tech,Noida,6-10 Yrs,6.0,10.0,6-10 Years (Senior),Agentic Ai | Fastapi | React.Js | Llm Integration | Langgraph | LangChain | Vector Databases | Artificial Intelligence,8,1 week ago,https://www.naukri.com/job-listings-generative-ai-engineer-sunovaa-tech-noida-gurugram-6-to-10-years-220526025253,2026-06-03T20:37:22.065654
cb973a028275,Gen Ai Engineer,AI Engineer,TEKsystems,Noida,6-9 Yrs,6.0,9.0,6-10 Years (Senior),Agentic Ai | Python | NLP | LangChain | Langgraph | LLMs | RAG | SQL,8,1 week ago,https://www.naukri.com/job-listings-gen-ai-engineer-allegis-group-noida-delhi-ncr-6-to-9-years-260526033053,2026-06-03T20:37:22.068791
5b8654afddb5,Generative AI & LLM Engineer,AI Engineer,.,Noida,2-3 Yrs,2.0,3.0,0-2 Years (Fresher),Artificial Intelligence | Machine Learning | Advanced Analytics | Statistics | Predictive Analytics | Predictive | Analytics,7,1 week ago,https://www.naukri.com/job-listings-generative-ai-llm-engineer-shoppeboard-sourcing-solutions-noida-2-to-3-years-260526038933,2026-06-03T20:37:22.070941
01178ab344a4,Agentic AI Engineer,AI Engineer,Magneum Technology,Noida,3-6 Yrs,3.0,6.0,3-5 Years (Mid),Artificial Intelligence | Machine Learning | Python | Predictive Modeling | Advanced Analytics | Statistics | Data Analytics,7,1 week ago,https://www.naukri.com/job-listings-agentic-ai-engineer-magneum-technology-noida-3-to-6-years-260526032822,2026-06-03T20:37:22.073940
d93ea8e6b335,AI Prompt Engineer,Data Scientist,Plasma Softech,Noida,1-5 Yrs,1.0,5.0,0-2 Years (Fresher),LLMs | Prompt Engineering | Generative AI | Artificial Intelligence | Ai Application | Api Integration | Chatbot | Json,8,1 week ago,https://www.naukri.com/job-listings-ai-prompt-engineer-plasma-softech-noida-1-to-5-years-260526027616,2026-06-03T20:37:22.077949
2cd837ad682b,"Cloud Engineer, AI",Data Scientist,Google,Gurgaon,0 Yrs,0.0,0.0,0-2 Years (Fresher),Cloud Computing | Software Design | Consulting | Machine Learning | Scala | Data Structures | Data Visualization | Virtualization,8,3+ weeks ago,https://www.naukri.com/job-listings-cloud-engineer-ai-google-india-private-limited-gurugram-0-to-0-years-090725503306,2026-06-03T20:37:36.207808
a7c6e5b870d5,Gen AI Engineer - 5+ years - Bengaluru/Hyderabad/Gurugram,AI Engineer,Crescendo Global,Hyderabad,5-10 Yrs,5.0,10.0,3-5 Years (Mid),Data Science | Generative AI | Machine Learning | Python | Gen | Data | Artificial Intelligence | Science,8,1 week ago,https://www.naukri.com/job-listings-gen-ai-engineer-5-years-bengaluru-hyderabad-gurugram-crescendo-global-leadership-hiring-india-hyderabad-gurugram-bengaluru-5-to-10-years-220526032927,2026-06-03T20:37:36.224826
c4fb00ef0323,AI Engineer,AI Engineer,Analytics Vidhya,Gurgaon,2-7 Yrs,2.0,7.0,0-2 Years (Fresher),C++ | Python | NLP | Mathematics | Neural Networks | Machine Learning | Artificial Intelligence | Deep Learning,8,6 days ago,https://www.naukri.com/job-listings-ai-engineer-analytics-vidhya-educon-pvt-ltd-gurugram-2-to-7-years-280526505733,2026-06-03T20:37:36.225824
683b1cf41d8a,AI Engineer,AI Engineer,Amiseq,Hyderabad,3-8 Yrs,3.0,8.0,3-5 Years (Mid),Artificial Intelligence | NLP | Api | LLMs | Azure Machine Learning | Retrieval Augmented Generation | Computer Vision | Deep Learning,8,5 days ago,https://www.naukri.com/job-listings-ai-engineer-amiseq-hyderabad-gurugram-3-to-8-years-290526002260,2026-06-03T20:37:36.228856
efbd623ad8d2,Ai Engineer,AI Engineer,Radicle Software,Gurgaon,2-4 Yrs,2.0,4.0,0-2 Years (Fresher),Generative AI | Python | TensorFlow | PyTorch | Ai Algorithms | Artificial Intelligence | Intelligence | Algorithms,8,5 days ago,https://www.naukri.com/job-listings-ai-engineer-radicle-software-gurugram-2-to-4-years-290526005990,2026-06-03T20:37:36.231853
6bbebcdeef7c,Generative AI Engineer,AI Engineer,Tekskills,Gurgaon,9-14 Yrs,9.0,14.0,6-10 Years (Senior),Generative AI | Deep Learning | Artificial Intelligence | Machine Learning | Python | Intelligence | Machine,7,5 days ago,https://www.naukri.com/job-listings-generative-ai-engineer-tekskills-gurugram-9-to-14-years-290526922157,2026-06-03T20:37:36.233416
ac0649da335e,Data Engineer,Data Engineer,Google,Bangalore,0 Yrs,0.0,0.0,0-2 Years (Fresher),Product Management | Product Engineering | Analytical | Machine Learning | Data Structures | Data Processing | Data Quality | Data Mining,8,3+ weeks ago,https://www.naukri.com/job-listings-data-engineer-google-india-private-limited-bengaluru-0-to-0-years-090725503768,2026-06-03T20:37:46.126834
437ef541f7ac,Data Engineer,Data Engineer,Capgemini,Pune,8-13 Yrs,8.0,13.0,6-10 Years (Senior),Data Build Tool | Snowflake | Data Warehousing | Build | Warehouse | Build Automation | Tools | Data Engineering,8,2 days ago,https://www.naukri.com/job-listings-data-engineer-capgemini-pune-chennai-bengaluru-8-to-13-years-130126015500,2026-06-03T20:37:46.128842
0a43d95ed468,Azure Data Engineer or Big data developer,Data Engineer,HCLTech,Pune,7-12 Yrs,7.0,12.0,6-10 Years (Senior),PySpark | Data Engineering | Software Engineering | Big Data | Spark | Data Bricks | Python | Software,8,1 week ago,https://www.naukri.com/job-listings-azure-data-engineer-or-big-data-developer-hcltech-pune-chennai-bengaluru-7-to-12-years-130526041399,2026-06-03T20:37:46.129902
114081db5016,BI Developer- Data Engineer,Data Engineer,Tata Consultancy Services,Pune,6-10 Yrs,6.0,10.0,6-10 Years (Senior),T-Sql | Power BI | Ssas | Dax | Data Modeling | Microsoft Technology Ecosystem | Git | Visual Studio,8,1 week ago,https://www.naukri.com/job-listings-bi-developer-data-engineer-tata-consultancy-services-pune-chennai-bengaluru-6-to-10-years-050426004042,2026-06-03T20:37:46.130901
c579ead1dde0,Data Engineer,Data Engineer,IQVIA,Pune,6-11 Yrs,6.0,11.0,6-10 Years (Senior),PySpark | Data Engineering | Data Bricks | SQL | Azure | Azure Databricks | Azure Data Factory | Azure Synapse,8,Few hours ago,https://www.naukri.com/job-listings-data-engineer-iqvia-pune-gurugram-bengaluru-6-to-11-years-110325014320,2026-06-03T20:37:46.131920
4dcdd052baeb,Data Engineer,Data Engineer,Wells Fargo,Bangalore,2-7 Yrs,2.0,7.0,0-2 Years (Fresher),Compliance | Data Management | Data Pipelines | Google Cloud Platform | Data Engineer | Ai | Data Engineering | Cloud Platform,8,Today,https://www.naukri.com/job-listings-data-engineer-wells-fargo-international-solutions-private-ltd-bengaluru-2-to-7-years-030626913347,2026-06-03T20:37:46.136920
ffdecd440f00,Data Engineer,Data Engineer,Rolls-Royce,Bangalore,6-11 Yrs,6.0,11.0,6-10 Years (Senior),Supply Chain | Ms Sql | Linux | Data Management | Data Modeling | Rdbms | Agile | Microsoft,8,Few hours ago,https://www.naukri.com/job-listings-data-engineer-rolls-royce-india-private-ltd-bengaluru-6-to-11-years-030626502032,2026-06-03T20:37:46.138920
4bf2cb7c5201,Data Engineers & Architects,Data Engineer,Exalans And Hunar Corporate Solutions,Kochi,7-12 Yrs,7.0,12.0,6-10 Years (Senior),Data Engineering | Python | Etl Pipelines | Architecture | Etl | Pipeline | Data Architecture | Data,8,3+ weeks ago,https://www.naukri.com/job-listings-data-engineers-architects-exalans-and-hunar-corporate-solutions-kochi-bengaluru-thiruvananthapuram-7-to-12-years-060526014370,2026-06-03T20:37:46.140901
f3292310fcbb,Data Engineer,Data Engineer,Accenture,Bangalore,2-4 Yrs,2.0,4.0,0-2 Years (Fresher),Snowflake | Sql Queries | Warehouse | Data Engineering | Etl | Hive | Python | Performance Tuning,8,2 days ago,https://www.naukri.com/job-listings-data-engineer-accenture-solutions-pvt-ltd-bengaluru-2-to-4-years-010626919183,2026-06-03T20:37:46.142866
97838b7bac8b,Data Engineer,Data Engineer,Accenture,Bangalore,2-4 Yrs,2.0,4.0,0-2 Years (Fresher),Data Warehousing | Data Engineering | Aws Kinesis | Data Pipeline Architecture | Etl | Hive | Python | Data Management,8,2 days ago,https://www.naukri.com/job-listings-data-engineer-accenture-solutions-pvt-ltd-bengaluru-2-to-4-years-010626918176,2026-06-03T20:37:46.145890
62cb3b95e1d5,Data Engineer,Data Engineer,Trigent Software,Bangalore,5-10 Yrs,5.0,10.0,3-5 Years (Mid),Gcp Cloud | Python | Software Development | Data Engineering | SQL | Software | Cloud | GCP,8,1 day ago,https://www.naukri.com/job-listings-data-engineer-trigent-software-bengaluru-5-to-10-years-020626007058,2026-06-03T20:37:46.147950
bec7056c2a3b,Data Engineer,Data Engineer,Accenture,Bangalore,3-8 Yrs,3.0,8.0,3-5 Years (Mid),Snowflake | Warehouse | Data Engineering | SQL | Etl | Hive | Python | Performance Tuning,8,2 days ago,https://www.naukri.com/job-listings-data-engineer-accenture-solutions-pvt-ltd-bengaluru-3-to-8-years-010626919190,2026-06-03T20:37:46.148939
fc8474888baa,Data Engineer,Data Engineer,Accenture,Bangalore,3-8 Yrs,3.0,8.0,3-5 Years (Mid),Data Engineer | Python | Data Analytics | Data Pipelines | Scala | Data Processing | Databricks | Cloud Platforms,8,2 days ago,https://www.naukri.com/job-listings-data-engineer-accenture-solutions-pvt-ltd-bengaluru-3-to-8-years-010626918177,2026-06-03T20:37:46.150937
01f2b9a0d523,Data Engineer,Data Engineer,Accenture,Bangalore,3-8 Yrs,3.0,8.0,3-5 Years (Mid),Snowflake | Warehouse | Data Engineering | Snowpipe | Etl | Hive | Python | Performance Tuning,8,2 days ago,https://www.naukri.com/job-listings-data-engineer-accenture-solutions-pvt-ltd-bengaluru-3-to-8-years-010626918609,2026-06-03T20:37:46.151937
bb0042295143,Data Engineer,Data Engineer,Accenture,Bangalore,5-10 Yrs,5.0,10.0,3-5 Years (Mid),Data Engineer | Python | Data Services | Data Analytics | Data Pipelines | Scala | Databricks | Azure,8,2 days ago,https://www.naukri.com/job-listings-data-engineer-accenture-solutions-pvt-ltd-bengaluru-5-to-10-years-010626919118,2026-06-03T20:37:46.153937
52d5290931ac,Data Engineer,Data Engineer,Globallogic,Pune,8-13 Yrs,8.0,13.0,6-10 Years (Senior),Data Engineering | Data Modeling | Spark | Advance Sql | Python | SQL | Modeling | Engineering,8,1 day ago,https://www.naukri.com/job-listings-data-engineer-globallogic-pune-chennai-bengaluru-8-to-13-years-020626009474,2026-06-03T20:37:46.154936
f05983caedb2,Big Data Developer/ Big Data Engineer,Data Engineer,Tata Consultancy Services,Chennai,8-13 Yrs,8.0,13.0,6-10 Years (Senior),PySpark | Hive | Hadoop | Big Data | Spark | Scala | Big Data Ecosystem | SQL,8,2 days ago,https://www.naukri.com/job-listings-big-data-developer-big-data-engineer-tata-consultancy-services-chennai-coimbatore-bengaluru-8-to-13-years-010626025323,2026-06-03T20:37:46.157486
b85c8069c094,Data Engineer,Data Engineer,ANZ,Bangalore,5-10 Yrs,5.0,10.0,3-5 Years (Mid),Unix | Linux | Data Security | Agile | Data Processing | Data Structures | Test Cases | Analytics,8,2 days ago,https://www.naukri.com/job-listings-data-engineer-anz-banking-group-bengaluru-5-to-10-years-010626503771,2026-06-03T20:37:46.159524
34cbec1e6e86,AI Data Engineer,Data Engineer,Thomson Reuters,Hyderabad,4-6 Yrs,4.0,6.0,3-5 Years (Mid),R,1,3+ weeks ago,https://www.naukri.com/job-listings-ai-data-engineer-thomson-reuters-india-pvt-ltd-hyderabad-4-to-6-years-240326502061,2026-06-03T20:37:57.943594
725245651915,Data Engineer,Data Engineer,Hitachi Energy,Hyderabad,3-6 Yrs,3.0,6.0,3-5 Years (Mid),C | Shop Floor | Cloud | Manager Technology | Etl Tool | AWS | SQL | Recruitment,8,3+ weeks ago,https://www.naukri.com/job-listings-data-engineer-hitachi-energy-hyderabad-3-to-6-years-260326503111,2026-06-03T20:37:57.946453
601472aa1290,Data Engineer face To face drive Bangalore/Hyderabad/Chennai,Data Engineer,HCLTech,Hyderabad,5-10 Yrs,5.0,10.0,3-5 Years (Mid),GCP | Python | SQL | Bigquery | AWS | Data Engineering | Drives | Data,8,3 weeks ago,https://www.naukri.com/job-listings-data-engineer-face-to-face-drive-bangalore-hyderabad-chennai-hcltech-hyderabad-chennai-bengaluru-5-to-10-years-250326016709,2026-06-03T20:37:57.947456
704fbd4135cf,Data Engineer (PySpark),Data Engineer,Tata Consultancy Services,Hyderabad,7-12 Yrs,7.0,12.0,6-10 Years (Senior),PySpark | Hive | Spark | Hdfs | SQL | Data Engineering | Data,7,2 weeks ago,https://www.naukri.com/job-listings-data-engineer-pyspark-tata-consultancy-services-visakhapatnam-hyderabad-7-to-12-years-200526037904,2026-06-03T20:37:57.948463
8d88ca03d33c,Python Data Engineer,Data Engineer,CGI,Hyderabad,8-13 Yrs,8.0,13.0,6-10 Years (Senior),PySpark | Emr | Aws Glue | Etl | Python | AWS | Glue | Data,8,3+ weeks ago,https://www.naukri.com/job-listings-python-data-engineer-cgi-hyderabad-chennai-bengaluru-8-to-13-years-050526025492,2026-06-03T20:37:57.950454
344e0e748276,Data Engineer - Ab Initio,Data Engineer,Careernet,Hyderabad,3-8 Yrs,3.0,8.0,3-5 Years (Mid),Shell Scripting | Etl | Data Integration | SQL | Performance Testing | Data Warehouse | Scheduling | Abinitio,8,3+ weeks ago,https://www.naukri.com/job-listings-data-engineer-ab-initio-careernet-hyderabad-chennai-bengaluru-3-to-8-years-060526040242,2026-06-03T20:37:57.953454
af83652648f7,Data Engineer,Data Engineer,Grid Dynamics,Chennai,7-12 Yrs,7.0,12.0,6-10 Years (Senior),R,1,2 weeks ago,https://www.naukri.com/job-listings-200526501684,2026-06-03T20:37:57.954454
3023b91a7724,Data Engineer,Data Engineer,Tata Consultancy Services,Hyderabad,7-9 Yrs,7.0,9.0,6-10 Years (Senior),Data Quality | Data Migration | Esu | Data Engineer | Data Governance | Data | Governance | Quality,8,2 days ago,https://www.naukri.com/job-listings-data-engineer-tata-consultancy-services-hyderabad-pune-bengaluru-7-to-9-years-010626007181,2026-06-03T20:37:57.956445
ab207ecb6544,Data Engineer,Data Engineer,Kantar,Hyderabad,3-5 Yrs,3.0,5.0,3-5 Years (Mid),R,1,2 days ago,https://www.naukri.com/job-listings-data-engineer-kantar-hyderabad-3-to-5-years-010626026424,2026-06-03T20:37:57.957447
32c531fdfe1d,Data Engineer,Data Engineer,Accenture,Hyderabad,2-4 Yrs,2.0,4.0,0-2 Years (Fresher),Scala | Data Modeling | Spark | Python | AWS | Hive | Cloudera | Amazon Redshift,8,1 week ago,https://www.naukri.com/job-listings-data-engineer-accenture-solutions-pvt-ltd-hyderabad-2-to-4-years-250526921955,2026-06-03T20:37:57.959463
1a04cb149dfd,Databricks Data Engineer,Data Engineer,Tata Consultancy Services,Hyderabad,4-6 Yrs,4.0,6.0,3-5 Years (Mid),R,1,1 week ago,https://www.naukri.com/job-listings-databricks-data-engineer-tata-consultancy-services-hyderabad-pune-bengaluru-4-to-6-years-220526033989,2026-06-03T20:37:57.961443
5172cc12d0b8,Pyspark Developer Data Engineer,Data Engineer,Capgemini,Hyderabad,6-10 Yrs,6.0,10.0,6-10 Years (Senior),PySpark | SQL | Spark | Data Bricks | Bricks | Data Engineering | Development | Data,8,6 days ago,https://www.naukri.com/job-listings-pyspark-developer-data-engineer-capgemini-hyderabad-pune-bengaluru-6-to-10-years-280526020878,2026-06-03T20:37:57.963810
93b77f89989e,Data Engineer,Data Engineer,Lloyds Technology Centre India,Hyderabad,3-5 Yrs,3.0,5.0,3-5 Years (Mid),Rdbms | GCP | Shell Scripting | Agile | Software Development Life Cycle | Troubleshooting | Apache | Downstream,8,1 day ago,https://www.naukri.com/job-listings-data-engineer-lloyds-technology-centre-india-hyderabad-3-to-5-years-020626502589,2026-06-03T20:37:57.965193
4d4227840afd,Data Engineer,Data Engineer,Hexaware Technologies,Hyderabad,7-12 Yrs,7.0,12.0,6-10 Years (Senior),R,1,1 week ago,https://www.naukri.com/job-listings-data-engineer-hexaware-technologies-hyderabad-chennai-bengaluru-7-to-12-years-270526020455,2026-06-03T20:37:57.966565
138a0eee0d3f,Data Engineer,Data Engineer,Accenture,Hyderabad,5-10 Yrs,5.0,10.0,3-5 Years (Mid),Data Engineer | Data Services | Data Pipelines | Data Architecture | Collection | Data Engineering | Data Infrastructure | Database Design,8,1 week ago,https://www.naukri.com/job-listings-data-engineer-accenture-solutions-pvt-ltd-hyderabad-5-to-10-years-270526929642,2026-06-03T20:37:57.970100
71310bfd4033,Data Engineer (Quantexa),Data Engineer,Tata Consultancy Services,Hyderabad,5-10 Yrs,5.0,10.0,3-5 Years (Mid),Quantexa | Scala | Hadoop | Spark | Data Engineering | Data,6,1 week ago,https://www.naukri.com/job-listings-data-engineer-quantexa-tata-consultancy-services-hyderabad-pune-bengaluru-5-to-10-years-260526037819,2026-06-03T20:37:57.971095
f2af9daf03b9,Data Engineer,Data Engineer,Cisco,Hyderabad,5-10 Yrs,5.0,10.0,3-5 Years (Mid),Automation | Data Management | Data Modeling | Agile | Workflow | Apache | Jira | Cisco,8,2 days ago,https://www.naukri.com/job-listings-data-engineer-cisco-hyderabad-chennai-gurugram-bengaluru-5-to-10-years-010626501549,2026-06-03T20:37:57.973377
8ead7c6989fe,Data Engineer,Data Engineer,Tata Consultancy Services,Hyderabad,5-10 Yrs,5.0,10.0,3-5 Years (Mid),R,1,1 day ago,https://www.naukri.com/job-listings-data-engineer-tata-consultancy-services-hyderabad-bengaluru-5-to-10-years-020626004170,2026-06-03T20:37:57.976378
3a8b6c9d0780,Microsoft Fabric Data Engineer,Data Engineer,Capgemini,Hyderabad,6-11 Yrs,6.0,11.0,6-10 Years (Senior),R,1,4 days ago,https://www.naukri.com/job-listings-microsoft-fabric-data-engineer-capgemini-hyderabad-pune-bengaluru-6-to-11-years-300526010553,2026-06-03T20:37:57.979377
90994bce0b6e,Data Engineer,Data Engineer,Barclays,Pune,1-4 Yrs,1.0,4.0,0-2 Years (Fresher),Advance Sql | Glue | Csv | PySpark | Plsql | SQL | PostgreSQL | Xml,8,3+ weeks ago,https://www.naukri.com/job-listings-data-engineer-barclays-pune-1-to-4-years-241225503750,2026-06-03T20:38:11.235432
4f5837fd8d4c,Data Engineer,Data Engineer,Infosys,Pune,5-9 Yrs,5.0,9.0,3-5 Years (Mid),Aws Data Engineer | Power Bi Development | Dax | Data Modeling | Data Engineering | Sql Server | Etl Tool | Data Bricks,8,3+ weeks ago,https://www.naukri.com/job-listings-data-engineer-infosys-pune-5-to-9-years-050526025741,2026-06-03T20:38:11.239393
38b671606be9,Data Engineer,Data Engineer,Crisil,Pune,4-10 Yrs,4.0,10.0,3-5 Years (Mid),Excel | Investment Banking | Management | Financial Modelling | SQL | Python | Investment | Data,8,3+ weeks ago,https://www.naukri.com/job-listings-data-engineer-crisil-pune-4-to-10-years-130326500370,2026-06-03T20:38:11.247533
30d9813ba0b9,Data Engineer,Data Engineer,Zensar,Pune,5-10 Yrs,5.0,10.0,3-5 Years (Mid),Backend | Analytical | Schema | Data Quality | Apache | Data Warehousing | Analytics | SQL,8,3+ weeks ago,https://www.naukri.com/job-listings-data-engineer-zensar-technologies-pune-5-to-10-years-280426501730,2026-06-03T20:38:11.249521
c57d6195955e,Data Engineer,Data Engineer,Syngenta,Pune,4-9 Yrs,4.0,9.0,3-5 Years (Mid),Pci Dss | NoSQL | Data Modeling | Data Security | Scala | Data Governance | Stored Procedures | Project Delivery,8,3+ weeks ago,https://www.naukri.com/job-listings-data-engineer-syngenta-global-pune-4-to-9-years-260226505158,2026-06-03T20:38:11.257521
0fcbf4f12462,Data Engineer-Data Modeling,Data Engineer,IBM,Pune,6-8 Yrs,6.0,8.0,6-10 Years (Senior),Data Modeling | Big Data Technologies | Data Warehousing | Dimensional Modeling | Data Integrity | Erwin | Data Engineering | NoSQL,8,Few hours ago,https://www.naukri.com/job-listings-data-engineer-data-modeling-ibm-india-pvt-limited-pune-6-to-8-years-030626928060,2026-06-03T20:38:11.259520
84d14558ef20,Solution Architect - Data Engineer,Data Engineer,KSB,Pune,5-8 Yrs,5.0,8.0,3-5 Years (Mid),Automation | Operational Excellence | Data Modeling | Data Processing | Data Quality | Json | Analytics | Monitoring,8,Few hours ago,https://www.naukri.com/job-listings-solution-architect-data-engineer-ksb-pumps-limited-pune-5-to-8-years-030626502244,2026-06-03T20:38:11.262520
502499ecaf0c,Data Engineer,Data Engineer,Accenture,Pune,2-4 Yrs,2.0,4.0,0-2 Years (Fresher),Scala | Data Modeling | Spark | Python | AWS | Hive | Cloudera | Amazon Redshift,8,1 week ago,https://www.naukri.com/job-listings-data-engineer-accenture-solutions-pvt-ltd-pune-2-to-4-years-250526922003,2026-06-03T20:38:11.266517
207a4581b497,AI Data Engineer,Data Engineer,Tech Mahindra,Pune,7-12 Yrs,7.0,12.0,6-10 Years (Senior),PySpark | Azure | Ai Data Engineer | Databricks | Python | Gen Ai Data Engineer | Agentic Data Engineer | Data,8,1 week ago,https://www.naukri.com/job-listings-ai-data-engineer-tech-mahindra-noida-pune-bengaluru-7-to-12-years-260526022094,2026-06-03T20:38:11.272523
8a8f708c27f6,Power BI Data Engineer,Data Engineer,eLabs Infotech,Pune,7-12 Yrs,7.0,12.0,6-10 Years (Senior),Power BI | Data Engineering | Requirement Gathering | Data Analysis | Data Modeling | SQL | Modeling | Engineering,8,1 week ago,https://www.naukri.com/job-listings-power-bi-data-engineer-elabs-infotech-pune-bengaluru-7-to-12-years-260526036048,2026-06-03T20:38:11.275517
81d987b264bb,Data Engineer - Global Research Modernization,Data Engineer,JPMorgan Chase Bank,Mumbai,2-7 Yrs,2.0,7.0,0-2 Years (Fresher),Computer Science | Data Analysis | Analytical | Process Improvement | Data Structures | Data Quality | Selenium | Information Technology,8,3+ weeks ago,https://www.naukri.com/job-listings-data-engineer-global-research-modernization-jp-morgan-and-chase-mumbai-2-to-7-years-300426500493,2026-06-03T20:38:26.283694
ee55666da937,Data Engineer,Data Engineer,Zensar,Mumbai,1-9 Yrs,1.0,9.0,0-2 Years (Fresher),T-Sql | Data Analysis | Interpersonal Skills | Analytical | Data Governance | Stored Procedures | Data Warehousing | SQL,8,3+ weeks ago,https://www.naukri.com/job-listings-data-engineer-zensar-technologies-mumbai-1-to-9-years-150426500675,2026-06-03T20:38:26.286814
ea9d0c91b708,Data Engineer,Data Engineer,Fractal Analytics,Mumbai,3-7 Yrs,3.0,7.0,3-5 Years (Mid),Cloud Computing | C++ | Git | Linux | Shell Scripting | Machine Learning | Agile | Jira,8,3+ weeks ago,https://www.naukri.com/job-listings-data-engineer-fractal-analytics-ltd-mumbai-3-to-7-years-210125501878,2026-06-03T20:38:26.289801
be85fa4c6b1d,Data Engineer,Data Engineer,Crisil,Mumbai,3-7 Yrs,3.0,7.0,3-5 Years (Mid),Automation | Excel | Financial Markets | Finance | Manager Technology | Management | Python | Marketing,8,2 weeks ago,https://www.naukri.com/job-listings-data-engineer-crisil-mumbai-3-to-7-years-090126502161,2026-06-03T20:38:26.291804
7f9df85464ef,Data Engineer,Data Engineer,EY,Mumbai,9-12 Yrs,9.0,12.0,6-10 Years (Senior),PySpark | Snowflake | Azure Cloud Services | Python | SQL | Ci/Cd | Etl | AWS,8,3 weeks ago,https://www.naukri.com/job-listings-data-engineer-ey-mumbai-9-to-12-years-070126013259,2026-06-03T20:38:26.292800
070d4b8c806b,Data Engineer (with Java/Python),Data Engineer,Crisil,Mumbai,5-7 Yrs,5.0,7.0,3-5 Years (Mid),Risk Compliance | Front End | Agile | Database | Portfolio Management | Analytics | Python | End,8,3+ weeks ago,https://www.naukri.com/job-listings-data-engineer-with-java-python-crisil-mumbai-5-to-7-years-090426502002,2026-06-03T20:38:26.294800
f9391a22f557,Data Engineer,Data Engineer,MSCI Services,Mumbai,3-4 Yrs,3.0,4.0,3-5 Years (Mid),Cvs | Automation | Data Analysis | GCP | Analytical | Machine Learning | Data Structures | SQL,8,3+ weeks ago,https://www.naukri.com/job-listings-data-engineer-msci-services-pvt-ltd-mumbai-3-to-4-years-060226505812,2026-06-03T20:38:26.297798
a7efea243cc0,Data Engineer - GCP & Big Query(5-10yrs)-@Infosys,Data Engineer,Infosys,Mumbai,5-10 Yrs,5.0,10.0,3-5 Years (Mid),GCP | Bigquery | Big Data | Query | Data Engineering | Data,6,1 week ago,https://www.naukri.com/job-listings-data-engineer-gcp-big-query-5-10yrs-infosys-infosys-kolkata-ahmedabad-mumbai-all-areas-5-to-10-years-270526022890,2026-06-03T20:38:26.298817
0c661cae6bdf,Data Engineer,Data Engineer,Accenture,Navi Mumbai,15-20 Yrs,15.0,20.0,10+ Years (Lead/Principal),PySpark | Data Engineering | Data Pipeline Architecture | Etl | Data Integration | Hive | Python | Data Analysis,8,3+ weeks ago,https://www.naukri.com/job-listings-data-engineer-accenture-solutions-pvt-ltd-navi-mumbai-15-to-20-years-040526917231,2026-06-03T20:38:26.302020
ec3373f1a062,Data Engineer,Data Engineer,Photon,Mumbai,3-7 Yrs,3.0,7.0,3-5 Years (Mid),Computer Science | Backend | Data Management | Hp Data Protector | Data Processing | Data Quality | NLP | Monitoring,8,3+ weeks ago,https://www.naukri.com/job-listings-data-engineer-photon-infotech-p-ltd-kolkata-mumbai-new-delhi-hyderabad-pune-chennai-bengaluru-3-to-7-years-200125502764,2026-06-03T20:38:26.304440
20ac494f53b7,Data Engineer,Data Engineer,Accenture,Navi Mumbai,2-4 Yrs,2.0,4.0,0-2 Years (Fresher),PySpark | Database Design | Data Modeling | Design Principles | AWS | Hive | Snowflake | Python,8,1 week ago,https://www.naukri.com/job-listings-data-engineer-accenture-solutions-pvt-ltd-navi-mumbai-2-to-4-years-250526919452,2026-06-03T20:38:26.306270
6b5d854196fe,Data Engineer,Data Engineer,SG Analytics,Mumbai,3-6 Yrs,3.0,6.0,3-5 Years (Mid),Ci/Cd Pipelines | Azure Ai Foundry | MLOps | Aiops | Change Management | PySpark | Data Engineering | Model Monitoring,8,6 days ago,https://www.naukri.com/job-listings-data-engineer-sg-analytics-mumbai-bengaluru-3-to-6-years-280526015468,2026-06-03T20:38:26.308305
dec98a08208e,Data Engineer,Data Engineer,Accenture,Navi Mumbai,3-8 Yrs,3.0,8.0,3-5 Years (Mid),Data Engineer | Algorithms | Python | Etl Tools | Data Pipelines | Cloud Platforms | SQL | Cloud,8,2 days ago,https://www.naukri.com/job-listings-data-engineer-accenture-solutions-pvt-ltd-navi-mumbai-3-to-8-years-010626913187,2026-06-03T20:38:26.309295
46ccd8918269,Data Engineer,Data Engineer,Accenture,Navi Mumbai,3-8 Yrs,3.0,8.0,3-5 Years (Mid),Data Analytics | Database Design | Data Modeling | Design Principles | Etl | Hive | Python | Atci-4994271-S1862577,8,2 days ago,https://www.naukri.com/job-listings-data-engineer-accenture-solutions-pvt-ltd-navi-mumbai-3-to-8-years-010626913229,2026-06-03T20:38:26.311286
e64077d6fbc5,Data Engineer,Data Engineer,Accenture,Navi Mumbai,7-12 Yrs,7.0,12.0,6-10 Years (Senior),Data Engineer | Snowflake | Data Warehouse | Data Pipelines | Cloud Platforms | Collection | Data Engineering | Data Infrastructure,8,2 days ago,https://www.naukri.com/job-listings-data-engineer-accenture-solutions-pvt-ltd-navi-mumbai-7-to-12-years-010626914155,2026-06-03T20:38:26.313408
57d99fb64d60,"Data Engineer - Python, SQL, API",Data Engineer,Damco Solutions,Mumbai,5-10 Yrs,5.0,10.0,3-5 Years (Mid),Api | Python | SQL | Data Engineering | Api Design And Development | Data | Engineering | Design Development,8,4 days ago,https://www.naukri.com/job-listings-data-engineer-python-sql-api-damco-solutions-pune-delhi-ncr-mumbai-all-areas-5-to-10-years-290526025242,2026-06-03T20:38:26.314419
3fe3899ddb5d,Data Engineer,Data Engineer,Accenture,Navi Mumbai,7-12 Yrs,7.0,12.0,6-10 Years (Senior),Data Engineer | Snowflake | Data Warehouse | Data Pipelines | Cloud Platforms | Collection | Data Engineering | Data Infrastructure,8,2 days ago,https://www.naukri.com/job-listings-data-engineer-accenture-solutions-pvt-ltd-navi-mumbai-7-to-12-years-010626913191,2026-06-03T20:38:26.316427
f6cd3c21b311,Data Engineer,Data Engineer,Synechron,Mumbai,4-7 Yrs,4.0,7.0,3-5 Years (Mid),PySpark | Idmc | Data Engineering | Delta Lake | Azure | AWS | Python | SQL,8,1 week ago,https://www.naukri.com/job-listings-data-engineer-synechron-mumbai-all-areas-4-to-7-years-240526002616,2026-06-03T20:38:26.317452
9c983d9f3fda,Data Engineer,Data Engineer,Big 4 Consulting Firm,Mumbai,5-10 Yrs,5.0,10.0,3-5 Years (Mid),Data Bricks | Data Engineering | Python | Data | Bricks | Engineering,6,5 days ago,https://www.naukri.com/job-listings-data-engineer-anlage-infotech-indore-bengaluru-mumbai-all-areas-5-to-10-years-290526023124,2026-06-03T20:38:26.319795
d330323aef64,Big Data Engineer - 19th March - Virtual Interview - Pan india,Data Engineer,Tata Consultancy Services,Delhi,8-13 Yrs,8.0,13.0,6-10 Years (Senior),Scala | Big Data | Spark | AWS | Redshift Aws | Amazon Redshift | Pan | Data,8,1 day ago,https://www.naukri.com/job-listings-big-data-engineer-19th-march-virtual-interview-pan-india-tata-consultancy-services-hyderabad-bengaluru-delhi-ncr-8-to-13-years-110326009892,2026-06-03T20:38:40.996239
13e0018ed1c7,Data Engineer,Data Engineer,Snapdeal,Gurgaon,3-8 Yrs,3.0,8.0,3-5 Years (Mid),Hive | Cloudera | Vertica | Scala | Amazon Redshift | Big Data Technologies | Data Warehousing | PySpark,8,3+ weeks ago,https://www.naukri.com/job-listings-data-engineer-jasper-infotech-pvt-ltd-gurugram-3-to-8-years-221025507699,2026-06-03T20:38:40.998641
3c06823e7886,Data Engineer,Data Engineer,Maruti Suzuki,Gurgaon,3-5 Yrs,3.0,5.0,3-5 Years (Mid),Storage Management | Analytical | Schema | Agile | Data Quality | Data Integrity | Big Data | SQL,8,3+ weeks ago,https://www.naukri.com/job-listings-data-engineer-maruti-suzuki-india-limited-gurugram-3-to-5-years-020625502155,2026-06-03T20:38:41.001497
63fb048fa3e2,Deputy Manager/Manager - Data Engineer,Data Engineer,Maruti Suzuki,Gurgaon,4-8 Yrs,4.0,8.0,3-5 Years (Mid),Data Modeling | Rdbms | Enterprise Applications | Cognos | MySQL | Oracle | Business Intelligence | Troubleshooting,8,3+ weeks ago,https://www.naukri.com/job-listings-deputy-manager-manager-data-engineer-maruti-suzuki-india-limited-gurugram-4-to-8-years-270722500072,2026-06-03T20:38:41.002529
651f39620613,Data Engineer,Data Engineer,Deloitte US-India Offices,Gurgaon,3-6 Yrs,3.0,6.0,3-5 Years (Mid),Data Engineering | Hadoop | Big Data | Data Modeling | Machine Learning | AWS | Python | Modeling,8,3 weeks ago,https://www.naukri.com/job-listings-data-engineer-deloitte-consulting-gurugram-chennai-bengaluru-3-to-6-years-120526004857,2026-06-03T20:38:41.009518
46541f543b4d,Data Engineer (RAG),Data Engineer,Tech Mahindra,Noida,7-12 Yrs,7.0,12.0,6-10 Years (Senior),S3 | Airflow | Aws Glue | Retrieval Augmented Generation | Python | Glue | Generation | Data Engineering,8,2 weeks ago,https://www.naukri.com/job-listings-data-engineer-rag-tech-mahindra-noida-pune-bengaluru-7-to-12-years-190526029181,2026-06-03T20:38:41.011514
bb6987f32aa4,Data Engineer,Data Engineer,Innodata India,Noida,5-7 Yrs,5.0,7.0,3-5 Years (Mid),Data Engineer | AWS | Continuous Integration | Cd | Python | Oracle | Glue | PySpark,8,Few hours ago,https://www.naukri.com/job-listings-data-engineer-innodata-india-noida-5-to-7-years-220426036582,2026-06-03T20:38:41.013528
4f92b6ff3e5c,Data Engineer,Data Engineer,Synechron,Gurgaon,4-9 Yrs,4.0,9.0,3-5 Years (Mid),Java | GCP | Bigquery | Microservices | Python | PySpark | Springboot | Data Proc,8,3 weeks ago,https://www.naukri.com/job-listings-data-engineer-synechron-gurugram-chennai-bengaluru-4-to-9-years-130526026447,2026-06-03T20:38:41.014521
29766e9d85f8,Manager / Data Engineer-Data Architect,Data Engineer,Benovymed Healthcare,Delhi,3-15 Yrs,3.0,15.0,3-5 Years (Mid),C++ | Data Analysis | Data Management | Data Modeling | MySQL | Healthcare | Perl | Analytics,8,3+ weeks ago,https://www.naukri.com/job-listings-manager-data-engineer-data-architect-benovymed-healthcare-new-delhi-3-to-15-years-010525502789,2026-06-03T20:38:41.016572
853faed38b03,Microsoft Fabric Data Engineer,Data Engineer,Tata Consultancy Services,Delhi,5-6 Yrs,5.0,6.0,3-5 Years (Mid),Data Engineering | Microsoft Fabric | Azure Data Factory | Azure Synapse | PySpark | Azure Data Warehouse | Azure Databricks | Azure Data Lake,8,3 weeks ago,https://www.naukri.com/job-listings-microsoft-fabric-data-engineer-tata-consultancy-services-pune-bengaluru-delhi-ncr-5-to-6-years-110526003287,2026-06-03T20:38:41.017591
39f5c961ae6a,Data Engineer,Data Engineer,Photon,Delhi,2-5 Yrs,2.0,5.0,0-2 Years (Fresher),Computer Science | Data Validation | Linux | Data Management | Data Modeling | Analytical | Data Processing | Workflow,8,3+ weeks ago,https://www.naukri.com/job-listings-data-engineer-photon-infotech-p-ltd-kolkata-mumbai-new-delhi-hyderabad-pune-chennai-bengaluru-2-to-5-years-060225502140,2026-06-03T20:38:41.018591
7c5af1db7f2c,Data Engineer (Pyspark) - Axtria - Interview Date - 6 JUNE (Saturday),Data Engineer,Axtria,Delhi,5-10 Yrs,5.0,10.0,3-5 Years (Mid),PySpark | Databricks | SQL | Interviewing | Data Engineering | Data Bricks | Data,7,2 days ago,https://www.naukri.com/job-listings-data-engineer-pyspark-axtria-interview-date-6-june-saturday-axtria-hyderabad-pune-delhi-ncr-5-to-10-years-010626027362,2026-06-03T20:38:41.023027
fbdfd91fe351,Data Engineer,Data Engineer,Accenture,Noida,3-8 Yrs,3.0,8.0,3-5 Years (Mid),SQL | Data Architecture Principles | Data Modeling | Bigquery | Etl | Schema | Hive | Data Services,8,2 days ago,https://www.naukri.com/job-listings-data-engineer-accenture-solutions-pvt-ltd-noida-3-to-8-years-010626916187,2026-06-03T20:38:41.026095
96b512c3feca,Data Engineer,Data Engineer,Accenture,Gurgaon,3-8 Yrs,3.0,8.0,3-5 Years (Mid),Data Engineer | Azure | Data Pipelines | Analytics | Data Integration | Data Quality | Data Migration | Data Infrastructure,8,5 days ago,https://www.naukri.com/job-listings-data-engineer-accenture-solutions-pvt-ltd-gurugram-3-to-8-years-290526906306,2026-06-03T20:38:41.028067
e23f2aca8507,Data Engineer,Data Engineer,Iris Software,Gurgaon,7-10 Yrs,7.0,10.0,6-10 Years (Senior),Data Engineering | AWS | Airflow | PySpark | Snowflake | Etl | Data Bricks | Python,8,1 day ago,https://www.naukri.com/job-listings-data-engineer-iris-software-gurugram-7-to-10-years-020626008038,2026-06-03T20:38:41.034227
c09f4ee4aa09,Tableau - Senior Data Engineer(Pharma),Data Engineer,Tiger Analytics,Chennai,6-10 Yrs,6.0,10.0,6-10 Years (Senior),Tableau | SQL | Data Migration | Olap | Data Modeling | Pharmaceutical | Modeling | Data Engineering,8,1 day ago,https://www.naukri.com/job-listings-tableau-senior-data-engineer-pharma-tiger-analytics-hyderabad-chennai-bengaluru-6-to-10-years-310326037115,2026-06-03T20:38:53.117299
106801ce6075,Azure Data Engineer,Data Engineer,Tata Consultancy Services,Chennai,7-12 Yrs,7.0,12.0,6-10 Years (Senior),Azure Data Factory | Azure Synapse | Azure Databricks | Azure Data Lake | Python | Data Lake | Data | Azure,8,1 day ago,https://www.naukri.com/job-listings-azure-data-engineer-tata-consultancy-services-hyderabad-chennai-bengaluru-7-to-12-years-080426034011,2026-06-03T20:38:53.122861
f9a43384dc2b,Data Engineer,Data Engineer,Hexaware Technologies,Chennai,4-6 Yrs,4.0,6.0,3-5 Years (Mid),Azure Data Factory | PySpark | Azure Databricks | Azure Data Lake | SQL | Azure | Data Engineering | Factory,8,2 weeks ago,https://www.naukri.com/job-listings-data-engineer-hexaware-technologies-chennai-4-to-6-years-070426021820,2026-06-03T20:38:53.126861
b88c3fa231b5,"Data Engineer - Python, PySpark, DBT",Data Engineer,Tata Consultancy Services,Chennai,5-10 Yrs,5.0,10.0,3-5 Years (Mid),Machine Learning | Python | SQL | Dbt | PySpark | Data | Data Engineering | Machine,8,2 weeks ago,https://www.naukri.com/job-listings-data-engineer-python-pyspark-dbt-tata-consultancy-services-pune-chennai-bengaluru-5-to-10-years-200526037111,2026-06-03T20:38:53.129838
db6acb2cb8e2,Data Engineer,Data Engineer,Accenture,Chennai,3-8 Yrs,3.0,8.0,3-5 Years (Mid),Data Engineer | Python | Data Analytics | Data Pipelines | Scala | Data Processing | Databricks | Cloud Platforms,8,2 weeks ago,https://www.naukri.com/job-listings-data-engineer-accenture-solutions-pvt-ltd-chennai-3-to-8-years-190526934031,2026-06-03T20:38:53.131828
bd35285dd6c1,"Data engineer (Hadoop , Scala , Spark)",Data Engineer,Tata Consultancy Services,Chennai,5-7 Yrs,5.0,7.0,3-5 Years (Mid),Data Engineering | Hadoop | Scala | Spark | Data | Engineering,6,3 weeks ago,https://www.naukri.com/job-listings-data-engineer-hadoop-scala-spark-tata-consultancy-services-hyderabad-chennai-bengaluru-5-to-7-years-110526004532,2026-06-03T20:38:53.134546
3bb58a13e70f,Data Engineer,Data Engineer,Accenture,Chennai,7-12 Yrs,7.0,12.0,6-10 Years (Senior),Data Engineer | Azure | Data Pipelines | Scala | Data Management | Database Design | Programming | Data Quality,8,1 day ago,https://www.naukri.com/job-listings-data-engineer-accenture-solutions-pvt-ltd-chennai-7-to-12-years-020626921622,2026-06-03T20:38:53.142106
892d6bf6c22d,Data Engineer / Architect,Data Engineer,Bahwan CyberTek,Chennai,5-10 Yrs,5.0,10.0,3-5 Years (Mid),Cd | Continuous Integration | Python | Functional | Azure Data Lake | Data | Workflow | Glue,8,5 days ago,https://www.naukri.com/job-listings-data-engineer-architect-bahwan-cybertek-chennai-5-to-10-years-280526031920,2026-06-03T20:38:53.152279
75858792c8cc,Data Engineer / Architect,Data Engineer,Bahwan CyberTek,Chennai,5-10 Yrs,5.0,10.0,3-5 Years (Mid),Automation | Metadata | Git | Orchestration | Data Modeling | Active Directory | Data Governance | Jira,8,5 days ago,https://www.naukri.com/job-listings-data-engineer-architect-bahwan-cybertek-chennai-5-to-10-years-290526505769,2026-06-03T20:38:53.153363
a7e28c5131ce,DBT Engineer (Data Build Tool),Other,Coforge,Noida,9-14 Yrs,9.0,14.0,6-10 Years (Senior),PySpark | Data Build Tool | Python | SQL | Airflow | GCP | Snowflake | Data,8,6 days ago,https://www.naukri.com/job-listings-dbt-engineer-data-build-tool-coforge-noida-hyderabad-pune-9-to-14-years-170326039468,2026-06-03T20:39:07.439864
ee568318ecd0,Data Engineer Python,Data Engineer,Scry Analytics,Noida,3-8 Yrs,3.0,8.0,3-5 Years (Mid),NoSQL | Architecture | Data Science | Machine Learning | Data Processing | MongoDB | Data Mining | Analytics,8,3+ weeks ago,https://www.naukri.com/job-listings-data-engineer-python-scry-analytics-noida-3-to-8-years-120326502171,2026-06-03T20:39:07.442146
b2a2a70d8a63,Data Engineer with ETL,Data Engineer,Provana,Noida,3-5 Yrs,3.0,5.0,3-5 Years (Mid),Data Engineering | Delta Lake | Etl | Data Bricks | Python | Azure Data Factory | PySpark | Data Architecture,8,2 weeks ago,https://www.naukri.com/job-listings-data-engineer-with-etl-provana-noida-3-to-5-years-170326046092,2026-06-03T20:39:07.446143
718185852bff,Data Engineer (Databricks) - Noida - 5th May - Virtual Interview,Data Engineer,Tata Consultancy Services,Noida,5-10 Yrs,5.0,10.0,3-5 Years (Mid),Data Engineering | Data Bricks | PySpark | Datafactory | Data Lake | Databricks Engineer | Data | Interviewing,8,1 day ago,https://www.naukri.com/job-listings-data-engineer-databricks-noida-5th-may-virtual-interview-tata-consultancy-services-noida-5-to-10-years-030526002917,2026-06-03T20:39:07.448163
d6e0e4396aa7,Data Engineer ( Spark / Airflow ),Data Engineer,Workforce Next,Noida,1-5 Yrs,1.0,5.0,0-2 Years (Fresher),Hive | Python | Airflow | Data Processing | Big Data Technologies | Data Warehousing | Problem Solving | Data Integrity,8,2 weeks ago,https://www.naukri.com/job-listings-data-engineer-spark-airflow-workforce-next-noida-1-to-5-years-140526500148,2026-06-03T20:39:07.450156
20a6a92fcb85,Data Engineer,Data Engineer,New Groyp Talentoj,Noida,3-8 Yrs,3.0,8.0,3-5 Years (Mid),Python | Azure Data Factory | Etl Pipelines | PySpark | Azure Cloud | GCP | Data Pipeline | Snowflake,8,3 weeks ago,https://www.naukri.com/job-listings-data-engineer-new-groyp-talentoj-noida-3-to-8-years-030426011488,2026-06-03T20:39:07.457799
d90b3fad7626,Data Engineer,Data Engineer,Iris Software,Noida,6-8 Yrs,6.0,8.0,6-10 Years (Senior),PySpark | Snowflake | Data Bricks | Data Engineering | Python | Engineering | Bricks | Data,8,3 weeks ago,https://www.naukri.com/job-listings-data-engineer-iris-software-noida-pune-gurugram-6-to-8-years-120526008044,2026-06-03T20:39:07.460092
c514406d443c,Data Engineer,Data Engineer,Sparix Global,Noida,1-4 Yrs,1.0,4.0,0-2 Years (Fresher),Solution Architecture | Coding | GCP | Data Governance | Workflow | Open Source | Teradata | Analytics,8,1 day ago,https://www.naukri.com/job-listings-data-engineer-sparix-global-private-limited-noida-1-to-4-years-020626503199,2026-06-03T20:39:07.467660
53725739a2cd,Data Engineer,Data Engineer,ti Steps,Noida,3-8 Yrs,3.0,8.0,3-5 Years (Mid),Data Engineering | GCP | AWS | Python | SQL | Data Pipeline | Data Warehousing | Etl,8,2 days ago,https://www.naukri.com/job-listings-data-engineer-ti-steps-noida-3-to-8-years-010626008769,2026-06-03T20:39:07.469661
90a3c49f167d,Data Engineer,Data Engineer,Seikor,Noida,2-7 Yrs,2.0,7.0,0-2 Years (Fresher),Data Ingestion | PySpark | Data Streaming | AWS | Python | Etl Pipelines | Data Engineering | Gcp Cloud,8,2 days ago,https://www.naukri.com/job-listings-data-engineer-seikor-group-noida-pune-2-to-7-years-010626005154,2026-06-03T20:39:07.472661
10e1b882bd25,"Data Engineer - AI, GenAI",AI Engineer,Naukri Expert Assist,Noida,6-10 Yrs,6.0,10.0,6-10 Years (Senior),Data Engineer | Ai | Genai | Agenticai | Generative AI | Data Engineering | Artificial Intelligence | Aiml,8,1 week ago,https://www.naukri.com/job-listings-data-engineer-ai-genai-naukri-expert-assist-noida-kochi-bengaluru-6-to-10-years-220526023633,2026-06-03T20:39:07.481432
662d043096eb,Fullstack Data Engineer,Data Engineer,Innodata India,Noida,6-10 Yrs,6.0,10.0,6-10 Years (Senior),Reacts Js | PySpark | Etl | AWS | Data Bricks | Data Engineering | Ci/Cd | Python,8,2 days ago,https://www.naukri.com/job-listings-fullstack-data-engineer-innodata-india-noida-6-to-10-years-010626020916,2026-06-03T20:39:07.492109
8eda8e4b15aa,Data Engineer,Data Engineer,Innodata India,Noida,5-10 Yrs,5.0,10.0,3-5 Years (Mid),Etl Pipelines | PySpark | React | AWS | Data Bricks | Real Time Data Pipeline | Ci/Cd | Real Time,8,5 days ago,https://www.naukri.com/job-listings-data-engineer-innodata-india-noida-5-to-10-years-290526011857,2026-06-03T20:39:07.495267
3dbfcfa3bbe3,Senior Associate_Azure Data Engineer - Data and Analytics,Data Engineer,PwC Service Delivery Center,Gurgaon,4-7 Yrs,4.0,7.0,3-5 Years (Mid),Data Validation | Data Modeling | Analytical | Agile | Data Processing | Data Quality | Dbms | Apache,8,3+ weeks ago,https://www.naukri.com/job-listings-senior-associate-azure-data-engineer-data-and-analytics-pricewaterhouse-coopers-service-delivery-center-kolkata-gurugram-4-to-7-years-080825502676,2026-06-03T20:39:19.912126
18f354d6ff9c,IT Senior Manager - Data Engineer,Data Engineer,Boston Consulting Group,Gurgaon,7-9 Yrs,7.0,9.0,6-10 Years (Senior),Computer Science | Product Engineering | Database Design | PostgreSQL | MySQL | Consulting | Agile Methodology | Customer Service,8,3+ weeks ago,https://www.naukri.com/job-listings-it-senior-manager-data-engineer-boston-consulting-group-gurugram-7-to-9-years-070426500841,2026-06-03T20:39:19.914795
ad6ed8b8c91a,Data Engineer/Senior Data Engineer- Azure DigiOps,Data Engineer,Fractal Analytics,Gurgaon,2-5 Yrs,2.0,5.0,0-2 Years (Fresher),Change Management | Automation | Coding | Data Processing | Troubleshooting | Operations | Technical Support | Analytics,8,3+ weeks ago,https://www.naukri.com/job-listings-data-engineer-senior-data-engineer-azure-digiops-fractal-analytics-ltd-gurugram-2-to-5-years-120326501726,2026-06-03T20:39:19.916818
c30cf5f6e58c,Data Engineer Python,Data Engineer,Scry Analytics,Gurgaon,3-8 Yrs,3.0,8.0,3-5 Years (Mid),NoSQL | Architecture | Data Science | Machine Learning | Data Processing | MongoDB | Data Mining | Analytics,8,3+ weeks ago,https://www.naukri.com/job-listings-data-engineer-python-scry-analytics-gurugram-3-to-8-years-060326500264,2026-06-03T20:39:19.917820
472cdaf35de5,Azure Data Engineer,Data Engineer,Tata Consultancy Services,Mumbai,5-10 Yrs,5.0,10.0,3-5 Years (Mid),Azure | Azure Data Factory | Azure Databricks | Python | SQL | Data | Factory | Microsoft,8,3+ weeks ago,https://www.naukri.com/job-listings-azure-data-engineer-tata-consultancy-services-mumbai-gurugram-bengaluru-5-to-10-years-040526016881,2026-06-03T20:39:19.929162
2425805dfc25,Data Engineer,Data Engineer,Iris Software,Gurgaon,7-9 Yrs,7.0,9.0,6-10 Years (Senior),Data Engineering | PySpark | Etl | AWS | Python | SQL | Engineering | Data,8,Few hours ago,https://www.naukri.com/job-listings-data-engineer-iris-software-gurugram-7-to-9-years-030626025329,2026-06-03T20:39:19.934965
74c418ced423,Data Engineer (Databricks),Data Engineer,Affine Analytics,Hyderabad,5-10 Yrs,5.0,10.0,3-5 Years (Mid),Azure Data Factory | PySpark | Azure Databricks | Etl | SQL | Data Bricks | Data | Factory,8,1 day ago,https://www.naukri.com/job-listings-data-engineer-databricks-affine-analytics-hyderabad-gurugram-bengaluru-5-to-10-years-020626007405,2026-06-03T20:39:19.938097
d0213ebc7784,Data Engineer,Data Engineer,Damco Solutions,Gurgaon,5-9 Yrs,5.0,9.0,3-5 Years (Mid),Data Engineering | Snowflake | Etl | Data Bricks | Engineering | Bricks | Data,7,5 days ago,https://www.naukri.com/job-listings-data-engineer-damco-solutions-gurugram-5-to-9-years-290526008919,2026-06-03T20:39:19.940109
a41304189c0e,Data Engineer,Data Engineer,Persistent,Pune,4-7 Yrs,4.0,7.0,3-5 Years (Mid),PySpark | SQL | Python | Data Engineering | Data,5,4 days ago,https://www.naukri.com/job-listings-data-engineer-persistent-pune-gurugram-4-to-7-years-290526025628,2026-06-03T20:39:19.944119
00f2ca1268de,Business Analyst,Data Analyst,Barclays,Bangalore,0-13 Yrs,0.0,13.0,0-2 Years (Fresher),Administration | Leadership Development | Financial Analysis | Business Strategy | Assistant Vice President | Risk Management | Business Continuity | Forecasting,8,3+ weeks ago,https://www.naukri.com/job-listings-business-analyst-barclays-shared-services-bengaluru-0-to-13-years-170426500506,2026-06-03T20:39:32.704141
9e1a4c53a923,Business Analyst Power BI,BI Analyst,Novo Nordisk,Bangalore,3-5 Yrs,3.0,5.0,3-5 Years (Mid),Bi Tools | Python | Data Analysis | Power Bi Dashboards | Design | Power BI | Data Visualization | Data,8,3+ weeks ago,https://www.naukri.com/job-listings-business-analyst-power-bi-novo-nordisk-centre-india-pvt-ltd-bengaluru-3-to-5-years-260425504269,2026-06-03T20:39:32.705200
69b09f2ead2e,Business Intelligence Analyst - Quality,BI Analyst,Alstom,Bangalore,1-3 Yrs,1.0,3.0,0-2 Years (Fresher),Business Intelligence | Analytics | Quality Reporting | Bi Tools | Data Analytics | Quality Management | Qlik Sense | Power BI,8,2 weeks ago,https://www.naukri.com/job-listings-business-intelligence-analyst-quality-alstom-transport-india-ltd-bengaluru-1-to-3-years-180526925325,2026-06-03T20:39:32.731533
87a528cb548c,Corporate Planning & Management-Business Intelligence-Analyst,BI Analyst,Goldman Sachs,Bangalore,1-2 Yrs,1.0,2.0,0-2 Years (Fresher),Automation | Data Management | Business Planning | Scheduling | Investment Banking | Risk Management | Business Intelligence | Analytics,8,3+ weeks ago,https://www.naukri.com/job-listings-corporate-planning-management-business-intelligence-analyst-goldman-sachs-bengaluru-1-to-2-years-140426502920,2026-06-03T20:39:32.733036
7ad439c887c5,Business Intelligence Analyst II,BI Analyst,TP,Bangalore,2-4 Yrs,2.0,4.0,0-2 Years (Fresher),Data Analysis | Business Intelligence | Customer Experience | Customer Experience Management | Data Visualization | Business Operations | Visualization Tools | Data Modeling,8,3+ weeks ago,https://www.naukri.com/job-listings-business-intelligence-analyst-ii-teleperformance-global-business-private-limited-bengaluru-2-to-4-years-050526933039,2026-06-03T20:39:32.735033
05418ddca40b,Business Intelligence Analyst,BI Analyst,Cartus,Remote,2-7 Yrs,2.0,7.0,0-2 Years (Fresher),Etl Pipelines | Prompt Engineering | Intelligent Automation | Ai Solutions | SQL | Python | Pipeline | Automation,8,3 weeks ago,https://www.naukri.com/job-listings-business-intelligence-analyst-cartus-bengaluru-2-to-7-years-070526011168,2026-06-03T20:39:32.737035
ec785ad991e8,Business Intelligence Analyst (Finance),BI Analyst,Exxon Mobil Corporation,Bangalore,2-7 Yrs,2.0,7.0,0-2 Years (Fresher),Data Analysis | Manager Quality Assurance | Networking | Data Management | Senior Analyst | Project Management | Analytical | Budgeting,8,3+ weeks ago,https://www.naukri.com/job-listings-business-intelligence-analyst-finance-exxon-mobil-corporation-bengaluru-2-to-7-years-050526500799,2026-06-03T20:39:32.739033
e28fcf474440,Business Intelligence Analyst,BI Analyst,Nutanix,Bangalore,4-6 Yrs,4.0,6.0,3-5 Years (Mid),Computer Science | San | Data Analysis | Operational Excellence | Coding | Analytical | Data Quality | Business Intelligence,8,3+ weeks ago,https://www.naukri.com/job-listings-business-intelligence-analyst-nutanix-india-technologies-private-limited-bengaluru-4-to-6-years-100426502081,2026-06-03T20:39:32.741033
f780cb2b7c1f,AI - Business Intelligence Analyst,BI Analyst,Bridgestone - Global Capability Center,Bangalore,2-6 Yrs,2.0,6.0,0-2 Years (Fresher),Python | Data Analysis | Problem Solving | Machine Learning | Business Intelligence | Dashboards | Artificial Intelligence | SQL,8,3+ weeks ago,https://www.naukri.com/job-listings-ai-business-intelligence-analyst-azuga-telematics-private-limited-bengaluru-2-to-6-years-030426502570,2026-06-03T20:39:32.743032
15d2b043d77a,Business Intelligence Analyst,BI Analyst,Cartus,Bangalore,5-8 Yrs,5.0,8.0,3-5 Years (Mid),Automation | Prototype | Orchestration | Ms Access | Coding | Data Security | Business Intelligence Analyst | Workflow,8,3 weeks ago,https://www.naukri.com/job-listings-business-intelligence-analyst-cartus-bengaluru-5-to-8-years-080526501088,2026-06-03T20:39:32.745030
68fd462dd5fc,Business Intelligence Analyst,BI Analyst,Cartus,Bangalore,5-8 Yrs,5.0,8.0,3-5 Years (Mid),Automation | Prototype | Orchestration | Ms Access | Coding | Data Security | Business Intelligence Analyst | Workflow,8,3 weeks ago,https://www.naukri.com/job-listings-business-intelligence-analyst-cartus-bengaluru-5-to-8-years-080526501092,2026-06-03T20:39:32.746031
96567dac205f,Business Intelligence Analyst,BI Analyst,GE Appliances,Bangalore,3-6 Yrs,3.0,6.0,3-5 Years (Mid),Supply Chain | Tableau | Backend | Production Support | Data Modeling | Access Management | Analytical | Operations,8,3+ weeks ago,https://www.naukri.com/job-listings-business-intelligence-analyst-ge-appliances-bengaluru-3-to-6-years-120226500684,2026-06-03T20:39:32.748032
f940a841925c,Business Intelligence Analyst,BI Analyst,Haier Appliances,Bangalore,3-6 Yrs,3.0,6.0,3-5 Years (Mid),Sql Development | Modeling | Vertex | Supply Chain | Bi | Access Management | Dashboards | Business Intelligence,8,3+ weeks ago,https://www.naukri.com/job-listings-business-intelligence-analyst-haier-appliances-india-pvt-ltd-bengaluru-3-to-6-years-120226501384,2026-06-03T20:39:32.749032
2ef668f8caaf,Business Intelligence (BI) Analyst,BI Analyst,Careernet,Remote,5-6 Yrs,5.0,6.0,3-5 Years (Mid),Power BI | Sql Server 2022 | T-Sql | SQL | Ms Sql | Ssas | Power Bi Desktop | Azure Devops,8,3+ weeks ago,https://www.naukri.com/job-listings-business-intelligence-bi-analyst-careernet-bengaluru-5-to-6-years-040526012760,2026-06-03T20:39:32.751031
4962cc7ff5cf,Ecommerce Business Intelligence Analyst,BI Analyst,Mouser Electronics,Bangalore,2-7 Yrs,2.0,7.0,0-2 Years (Fresher),Business Intelligence | Data Warehousing | Analytical Skills | SQL | Analytics | Cloud | Cloud Data Warehousing | R,8,2 days ago,https://www.naukri.com/job-listings-ecommerce-business-intelligence-analyst-mouser-electronics-india-pvt-ltd-bengaluru-2-to-7-years-010626922431,2026-06-03T20:39:32.752034
658640dc91de,Business Analyst / Business Intelligence,BI Analyst,Gokaldas Exports,Bangalore,3-6 Yrs,3.0,6.0,3-5 Years (Mid),Financial Analysis | Excel | Powerpoint | Ms Office | Analytics | Data Analytics | Microsoft | Business Analysis,8,1 day ago,https://www.naukri.com/job-listings-business-analyst-business-intelligence-gokaldas-exports-bengaluru-3-to-6-years-020626011949,2026-06-03T20:39:32.755542
bc3bd91ec212,Business Analyst Market Intelligence,Data Analyst,LKQ India,Bangalore,3-6 Yrs,3.0,6.0,3-5 Years (Mid),Business Intelligence | Market Intelligence | Quantitative Analysis | Business Intelligence Reporting | Market Research | Power BI | Research Analysis | Hypothesis Testing,8,1 week ago,https://www.naukri.com/job-listings-business-analyst-market-intelligence-lkq-india-bengaluru-3-to-6-years-220526033784,2026-06-03T20:39:32.757563
4417842b0f20,Business Intelligence Analyst,BI Analyst,Caterpillar Inc,Bangalore,10-15 Yrs,10.0,15.0,6-10 Years (Senior),Mining | Computer Science | Automation | Manager Quality Assurance | Analytical | Troubleshooting | Microsoft | Business Intelligence,8,1 week ago,https://www.naukri.com/job-listings-business-intelligence-analyst-caterpillar-brazil-bengaluru-10-to-15-years-250526502213,2026-06-03T20:39:32.758563
0639b638e73e,Business Intelligence Analyst( Strategy & Operations),BI Analyst,NetApp,Bangalore,5-8 Yrs,5.0,8.0,3-5 Years (Mid),Management Consulting | Python | Analytical | Mathematics | Consulting | Problem Solving | Business Intelligence | Research,8,6 days ago,https://www.naukri.com/job-listings-business-intelligence-analyst-strategy-operations-netapp-bengaluru-5-to-8-years-280526027300,2026-06-03T20:39:32.760563
877fccee63b9,Business Analyst,Data Analyst,Wipro,Hyderabad,4-9 Yrs,4.0,9.0,3-5 Years (Mid),Business Analytics | Artificial Intelligence | Machine Learning | Python | SQL | Java | R | Business Consulting,8,1 day ago,https://www.naukri.com/job-listings-business-analyst-wipro-hyderabad-4-to-9-years-290426018169,2026-06-03T20:39:46.368885
69f9a50e2de3,Business Analyst,Data Analyst,Fortis,Hyderabad,2-6 Yrs,2.0,6.0,0-2 Years (Fresher),Business Analyst | Business Analysis,2,3+ weeks ago,https://www.naukri.com/job-listings-business-analyst-fortis-healthcare-ltd-kolkata-mumbai-new-delhi-hyderabad-pune-chennai-bengaluru-2-to-6-years-271125502182,2026-06-03T20:39:46.369846
79d7af54206b,"Business Systems Analyst, Planning and Forecasting",Other,Google,Hyderabad,8-13 Yrs,8.0,13.0,6-10 Years (Senior),Sap Bpc | Solution Architecture | Erp | Change Management | Business Analysis | Deployment | Management | Business Applications,8,3+ weeks ago,https://www.naukri.com/job-listings-business-systems-analyst-planning-and-forecasting-google-india-private-limited-hyderabad-8-to-13-years-090725503297,2026-06-03T20:39:46.397025
46e5afc23d0b,Senior Business Analyst,Data Analyst,Crisil,Hyderabad,10-16 Yrs,10.0,16.0,6-10 Years (Senior),Product Management | Erp | Business Analysis | Competitive Analysis | Process Improvement | Analytical | Market Research | Gap Analysis,8,3+ weeks ago,https://www.naukri.com/job-listings-senior-business-analyst-crisil-hyderabad-10-to-16-years-080126501502,2026-06-03T20:39:46.398025
80a0cadc714f,Business Intelligence Analyst,BI Analyst,FedEx,Hyderabad,1-4 Yrs,1.0,4.0,0-2 Years (Fresher),NLP | Analytical Skills | Marketing Analysis | Statistics | Fedex | Simulation | Business Intelligence Analyst | Genetics,8,3 weeks ago,https://www.naukri.com/job-listings-business-intelligence-analyst-fedex-express-hyderabad-1-to-4-years-070526502558,2026-06-03T20:39:46.400025
78752dabcef0,Business Intelligence (BI) Analyst,BI Analyst,Proarch It Solutions,Remote,8-13 Yrs,8.0,13.0,6-10 Years (Senior),Business Intelligence Reporting | Tableau | Analytics | Power BI | Data Analytics | Business Analysis | Analysis | Data,8,2 weeks ago,https://www.naukri.com/job-listings-business-intelligence-bi-analyst-proarch-it-solutions-hyderabad-8-to-13-years-150526032648,2026-06-03T20:39:46.401025
a5e8548dbd65,Senior Business Analyst,Data Analyst,Tech Mahindra,Hyderabad,5-10 Yrs,5.0,10.0,3-5 Years (Mid),Business Analytics | Business Analysis | Bi | Analytics | Senior | Analysis,6,Today,https://www.naukri.com/job-listings-senior-business-analyst-tech-mahindra-hyderabad-chennai-bengaluru-5-to-10-years-030626018615,2026-06-03T20:39:46.403014
cea1c3c88911,Business Intelligence Analyst-Senior,BI Analyst,FedEx,Hyderabad,1-5 Yrs,1.0,5.0,0-2 Years (Fresher),NLP | Marketing Analysis | Fedex | Simulation | Business Intelligence Analyst | Genetics | Oracle | Business Solutions,8,3 weeks ago,https://www.naukri.com/job-listings-business-intelligence-analyst-senior-fedex-express-hyderabad-1-to-5-years-070526502324,2026-06-03T20:39:46.405389
7fece88cc4dc,Associate Business Intelligence Analyst,BI Analyst,Qtek Digital,Hyderabad,1-6 Yrs,1.0,6.0,0-2 Years (Fresher),Pdf | Coding | Business Analytics | Analytical | Php | Html | Ssis | Pentaho,8,3+ weeks ago,https://www.naukri.com/job-listings-associate-business-intelligence-analyst-qtek-digital-hyderabad-1-to-6-years-020326500309,2026-06-03T20:39:46.406356
121471ef1159,Sr. Business Intelligence Analyst,BI Analyst,Earthful,Hyderabad,3-6 Yrs,3.0,6.0,3-5 Years (Mid),Data Management | Business Intelligence Analyst | Strategic Planning | Data Analytics | Advanced Excel | Data Mining | Business Intelligence | Business Operations,8,3+ weeks ago,https://www.naukri.com/job-listings-sr-business-intelligence-analyst-earthful-me-hyderabad-3-to-6-years-300925504597,2026-06-03T20:39:46.408370
d91e24fc14e0,Business Intelligence Developer,BI Analyst,CGI,Hyderabad,7-12 Yrs,7.0,12.0,6-10 Years (Senior),Bi Development | Elt | Python | Snowflake | Development | Business Intelligence | Bi | Intelligence,8,3 weeks ago,https://www.naukri.com/job-listings-business-intelligence-developer-cgi-mumbai-hyderabad-bengaluru-7-to-12-years-110526005577,2026-06-03T20:39:46.409365
8d82862b1d92,Senior Business Analyst,Data Analyst,Assurex India,Hyderabad,0-1 Yrs,0.0,1.0,0-2 Years (Fresher),Analytical Skills | Training | Business Analyst | Project Management | Agile | Equity | Application Software | Recruitment,8,3+ weeks ago,https://www.naukri.com/job-listings-senior-business-analyst-assurex-kolkata-mumbai-new-delhi-hyderabad-pune-chennai-bengaluru-0-to-1-years-070323501258,2026-06-03T20:39:46.411368
dec9d8ea2afd,Business Intelligence Analyst/BI Analyst,BI Analyst,Savantys Solutions,Hyderabad,5-10 Yrs,5.0,10.0,3-5 Years (Mid),Business Objects | Data Analysis | Sap | Data Modeling | Business Intelligence Analyst | Power BI | Business Intelligence | Data Warehousing,8,3+ weeks ago,https://www.naukri.com/job-listings-business-intelligence-analyst-bi-analyst-savantys-solutions-hyderabad-5-to-10-years-011122500816,2026-06-03T20:39:46.412369
d0e669f4f21d,Senior Financial and Business Intelligence Analyst,BI Analyst,Armanino,Hyderabad,4-9 Yrs,4.0,9.0,3-5 Years (Mid),Computer Science | Erp | Analytical | Genetics | Corporate Finance | Microsoft | Resource Management | Forecasting,8,3+ weeks ago,https://www.naukri.com/job-listings-senior-financial-and-business-intelligence-analyst-armanino-llp-hyderabad-4-to-9-years-100326503054,2026-06-03T20:39:46.413369
d3d63b2ba1f5,Business Analyst,Data Analyst,Broadridge,Hyderabad,0-2 Yrs,0.0,2.0,0-2 Years (Fresher),Product Management | Usage | Manager Quality Assurance | Business Analyst | Fixed Income | Artificial Intelligence | Agile | Product Life Cycle,8,5 days ago,https://www.naukri.com/job-listings-business-analyst-broadridge-financial-solutions-india-pvt-ltd-hyderabad-0-to-2-years-290526500824,2026-06-03T20:39:46.415367
c0d96a42762c,Business Intelligence Analyst,BI Analyst,DJO Global,Hyderabad,1-2 Yrs,1.0,2.0,0-2 Years (Fresher),Excel | Business Analyst | Analytical | Orthopedics | Business Intelligence Analyst | Manager Technology | Power BI | Continuous Improvement,8,1 week ago,https://www.naukri.com/job-listings-business-intelligence-analyst-djo-global-hyderabad-1-to-2-years-220526501005,2026-06-03T20:39:46.416369
f7c2369613cd,Analytics Engineer/ Business Intelligence Analyst,BI Analyst,Cloudxtreme,Hyderabad,3-6 Yrs,3.0,6.0,3-5 Years (Mid),Experience Or Exposure To Servicenow Reporting | Candidate Should Be Able To Develop Dashboards Using Gcp Looker Tool | Business Intelligence Analyst | Experience With Sql | Development | GCP | Analytics | Reporting,8,1 week ago,https://www.naukri.com/job-listings-analytics-engineer-business-intelligence-analyst-cloudxtreme-hyderabad-3-to-6-years-270526011881,2026-06-03T20:39:46.418369
478c2cd176ad,Business Analyst/Transformation - Process Intelligence,Data Analyst,Amgen Inc,Hyderabad,7-12 Yrs,7.0,12.0,6-10 Years (Senior),Business Analyst | Python | Project Management | Rpa | Sap | Process Analysis | Ai | Business Processes,8,1 week ago,https://www.naukri.com/job-listings-business-analyst-transformation-process-intelligence-amgen-inc-hyderabad-7-to-12-years-250526912895,2026-06-03T20:39:46.419807
a277fabc30a6,Business Intelligence Analyst-Senior,BI Analyst,FedEx,Hyderabad,5-8 Yrs,5.0,8.0,3-5 Years (Mid),Oracle | Dashboard Development | Simulation | Predictive Analytics | Bi | Oracle Forms | Power BI | Problem Solving,8,1 week ago,https://www.naukri.com/job-listings-business-intelligence-analyst-senior-fedex-express-hyderabad-5-to-8-years-250526500052,2026-06-03T20:39:46.421788
570add35a94f,Analytics Engineer/ Business Intelligence Analyst,BI Analyst,Cloudxtreme,Hyderabad,2-6 Yrs,2.0,6.0,0-2 Years (Fresher),Bi Development | Power BI | Gcp Looker | Servicenow | SQL | Business Intelligence | Dashboards | Looker,8,1 week ago,https://www.naukri.com/job-listings-analytics-engineer-business-intelligence-analyst-cloudxtreme-hyderabad-2-to-6-years-270526030788,2026-06-03T20:39:46.423788
f6394bf654e4,Retail Business Analyst (Senior),Data Analyst,CGI,Pune,8-10 Yrs,8.0,10.0,6-10 Years (Senior),Business Analyst | Retail & E-Commerce | Retail Business Analyst | Stakeholder Management | Business Analysis | E-Commerce | Management | Retail,8,3+ weeks ago,https://www.naukri.com/job-listings-retail-business-analyst-senior-cgi-pune-chennai-bengaluru-8-to-10-years-050526029445,2026-06-03T20:39:59.713596
9c321435c5a0,Lead Business Analyst,Data Analyst,Hsbc,Pune,2-6 Yrs,2.0,6.0,0-2 Years (Fresher),Confluence | Negotiation | Design | Agile | Communication Skills | SQL | Jira | Business Analysis,8,3+ weeks ago,https://www.naukri.com/job-listings-lead-business-analyst-hsbc-electronic-data-processing-india-pvt-ltd-pune-2-to-6-years-191125506543,2026-06-03T20:39:59.741951
f888d79bbd61,Senior Specialist - Business Analysis,Other,Ltimindtree,Pune,7-11 Yrs,7.0,11.0,6-10 Years (Senior),Business Analysis | Enterprise Architecture | Control-M | Javascript | Manager Technology | Workflow | Troubleshooting | Software Solutions,8,3+ weeks ago,https://www.naukri.com/job-listings-senior-specialist-business-analysis-mindtree-limited-pune-7-to-11-years-270426501140,2026-06-03T20:39:59.744010
c1f9bb1f8eed,Payments Business Analyst,Data Analyst,Tata Consultancy Services,Pune,10-20 Yrs,10.0,20.0,6-10 Years (Senior),Payment Gateway Integration | Business Analyst | Swift Payments | Payment Domain | Dns | Business Analysis | Integration | Payment Gateways,8,2 days ago,https://www.naukri.com/job-listings-payments-business-analyst-tata-consultancy-services-noida-pune-bengaluru-10-to-20-years-140426010072,2026-06-03T20:39:59.746011
4bacd2f3c95b,Senior Business Analyst/BAPM,Data Analyst,Barclays,Pune,4-13 Yrs,4.0,13.0,3-5 Years (Mid),Data Analysis | Change Management | Business Analysis | Xml | Agile | Gap Analysis | Business Strategy | Assistant Vice President,8,3+ weeks ago,https://www.naukri.com/job-listings-senior-business-analyst-bapm-barclays-shared-services-pune-4-to-13-years-030426504641,2026-06-03T20:39:59.747039
39130eede88d,BUSINESS ANALYST,Data Analyst,Capgemini,Pune,2-5 Yrs,2.0,5.0,0-2 Years (Fresher),Business Analyst | User Stories | Manufacturing | Supply Chain | Analytics | Logistics | Supply | Business Analysis,8,1 day ago,https://www.naukri.com/job-listings-business-analyst-capgemini-technology-services-india-limited-hyderabad-pune-bengaluru-2-to-5-years-020626924345,2026-06-03T20:39:59.748011
d2426e194f4b,Senior Business Analyst,Data Analyst,VOLKSWAGEN GROUP DIGITAL SOLUTIONS PRIVATE LIMITED,Pune,2-6 Yrs,2.0,6.0,0-2 Years (Fresher),Business Analyst | Qa | Gap Analysis | Design | Process Mapping | Analytical Skills | User Stories | Agile,8,2 weeks ago,https://www.naukri.com/job-listings-senior-business-analyst-volkswagen-group-technology-solutions-india-private-limited-pune-gurugram-bengaluru-2-to-6-years-200526937665,2026-06-03T20:39:59.750039
dea86a97a137,Senior Analyst Business Intelligence Data Analyst,BI Analyst,Gallagher,Pune,6-9 Yrs,6.0,9.0,6-10 Years (Senior),Data Analysis | Data Management | Data Modeling | Business Analytics | Process Improvement | Consulting | Spss | Business Intelligence,8,3+ weeks ago,https://www.naukri.com/job-listings-senior-analyst-business-intelligence-data-analyst-gallagher-pune-6-to-9-years-310126501802,2026-06-03T20:39:59.752004
6c9980eeb430,Team Lead - Business Intelligence / Data Analyst,BI Analyst,Dentsu Global Services,Pune,7-12 Yrs,7.0,12.0,6-10 Years (Senior),Media Marketing | Team Handling | Power BI | Data Analytics | Python | Team Management | Business Intelligence | Data Visualization,8,2 weeks ago,https://www.naukri.com/job-listings-team-lead-business-intelligence-data-analyst-vipsa-talent-solutions-noida-pune-gurugram-bengaluru-mumbai-all-areas-7-to-12-years-190526022360,2026-06-03T20:39:59.754004
59364ff3f99d,Senior Business Analyst,Data Analyst,VOLKSWAGEN GROUP DIGITAL SOLUTIONS PRIVATE LIMITED,Pune,2-6 Yrs,2.0,6.0,0-2 Years (Fresher),Business Analyst | Root Cause Analysis | Use Cases | Business Processes | Data Structures | Programming | Full Stack | Quality Assurance,8,2 weeks ago,https://www.naukri.com/job-listings-senior-business-analyst-volkswagen-group-technology-solutions-india-private-limited-pune-gurugram-bengaluru-2-to-6-years-200526937371,2026-06-03T20:39:59.756004
4ecc66a8e1f7,Business Intelligence Analyst,BI Analyst,Wolters Kluwer - Medknow Publications,Pune,4-5 Yrs,4.0,5.0,3-5 Years (Mid),Automation | Data Analysis | NoSQL | Analytical | Machine Learning | Operations | SQL | Python,8,3+ weeks ago,https://www.naukri.com/job-listings-business-intelligence-analyst-wolters-kluwer-medknow-publications-pune-4-to-5-years-270326504760,2026-06-03T20:39:59.757001
f32f9428420d,Senior Analyst Business Intelligence Data Analyst,BI Analyst,Artex Risk Solutions,Pune,6-9 Yrs,6.0,9.0,6-10 Years (Senior),Data Analysis | Data Management | Business Analytics | Process Improvement | Consulting | Spss | Ms Office | Business Intelligence,8,3+ weeks ago,https://www.naukri.com/job-listings-senior-analyst-business-intelligence-data-analyst-artex-risk-solutions-pune-6-to-9-years-310126502628,2026-06-03T20:39:59.759040
bf65d5bdb0e3,"Analyst, Business Intelligence (Operations, Product & Support)",BI Analyst,Apex Group,Pune,5-10 Yrs,5.0,10.0,3-5 Years (Mid),Excel | Analytical | Fund Administration | Microsoft | Business Intelligence | Continuous Improvement | Operations | Information Technology,8,3+ weeks ago,https://www.naukri.com/job-listings-analyst-business-intelligence-operations-product-support-apex-fund-services-llp-pune-5-to-10-years-100425504093,2026-06-03T20:39:59.761039
ed04e8643d8f,Business Analyst & Data Analyst & Python,Data Analyst,Coriolis Tech,Pune,0-1 Yrs,0.0,1.0,0-2 Years (Fresher),Business Intelligence | Financial Analytics | Python | Analytics Reporting | Business Analytics | Power BI | Bi | Alteryx,8,1 week ago,https://www.naukri.com/job-listings-business-analyst-data-analyst-python-coriolis-tech-hyderabad-pune-bengaluru-0-to-1-years-230526006205,2026-06-03T20:39:59.762034
a2751a5f0316,Senior Business Analyst - Healthcare,Data Analyst,Hexaware Technologies,Pune,3-7 Yrs,3.0,7.0,3-5 Years (Mid),Business Process | Data Analysis | Odbc | Customer Management | Claims | Healthcare | Senior Business Analyst | Sdlc,8,5 days ago,https://www.naukri.com/job-listings-senior-business-analyst-healthcare-hexaware-technologies-pune-3-to-7-years-290526502654,2026-06-03T20:39:59.764058
d5e5b24533f4,Business Analyst,Data Analyst,Barclays,Pune,0-5 Yrs,0.0,5.0,0-2 Years (Fresher),Data Analysis | Change Management | Automation | Business Analysis | Process Improvement | Workflow | Assistant Vice President | Operations,8,5 days ago,https://www.naukri.com/job-listings-business-analyst-barclays-shared-services-pune-0-to-5-years-290526506449,2026-06-03T20:39:59.765058
ee48eb980311,Business Systems Analyst- Payment Intelligence,Other,AArete,Pune,4-9 Yrs,4.0,9.0,3-5 Years (Mid),Data Analysis | Automation | Data Modeling | Analytical | Management Consulting | Market Intelligence | Healthcare | Business Intelligence,8,5 days ago,https://www.naukri.com/job-listings-business-systems-analyst-intelligence-aarete-pune-4-to-9-years-290526505927,2026-06-03T20:39:59.767058
4dae371cc2dd,Sr. Business Analyst - Business Analysis,Data Analyst,Yash Technologies,Pune,7-9 Yrs,7.0,9.0,6-10 Years (Senior),Data Analysis | Webfocus | Business Analysis | Project Management | Analytical | Agile | Workflow | Ssis,8,2 days ago,https://www.naukri.com/job-listings-sr-business-analyst-business-analysis-yash-technologies-pune-7-to-9-years-010626500396,2026-06-03T20:39:59.769002
0357e3958dca,Senior Business Analyst,Data Analyst,Nomura,Mumbai,2-5 Yrs,2.0,5.0,0-2 Years (Fresher),Front Office | Data Analysis | Business Analysis | Analytical | Market Risk | Consulting | Risk Management | Analytics,8,3+ weeks ago,https://www.naukri.com/job-listings-senior-business-analyst-nomura-capital-india-private-limited-mumbai-2-to-5-years-200126503430,2026-06-03T20:40:11.693211
7226de517626,Senior Analyst - Business Consulting Risk,Other,EY,Mumbai,1-6 Yrs,1.0,6.0,0-2 Years (Fresher),Manager Internal Audit | Assurance | Trade Finance | Data Modeling | Analytical | Cash Management | Business Strategy | Ifrs,8,3+ weeks ago,https://www.naukri.com/job-listings-senior-analyst-business-consulting-risk-ernst-young-mumbai-1-to-6-years-100426502504,2026-06-03T20:40:11.723610
91d342436f6c,Business Analyst,Data Analyst,Ion Exchange,Mumbai,2-4 Yrs,2.0,4.0,0-2 Years (Fresher),Gap Analysis | Market Research | Business Analysis | Requirement Gathering | Requirement Analysis | Marketing | Research | Gap,8,5 days ago,https://www.naukri.com/job-listings-business-analyst-ion-exchange-mumbai-all-areas-2-to-4-years-201125022019,2026-06-03T20:40:11.725606
f70e46a44bf4,Senior Business Analyst,Data Analyst,Crisil,Mumbai,6-8 Yrs,6.0,8.0,6-10 Years (Senior),Business Analyst | Business Analysis | Senior Business Analyst | Salesforce Crm | Crm | Salesforce | Senior | Analysis,8,3+ weeks ago,https://www.naukri.com/job-listings-senior-business-analyst-crisil-mumbai-6-to-8-years-180925502817,2026-06-03T20:40:11.728092
6fc8323cf5f6,Sr. Business Analyst - Python+ SQL Developer,Data Analyst,Gebbs Healthcare Solutions,Mumbai,3-8 Yrs,3.0,8.0,3-5 Years (Mid),Automation | Ms Sql | Vlookup | Analytical | Data Processing | Scheduling | Troubleshooting | Ssis,8,3+ weeks ago,https://www.naukri.com/job-listings-sr-business-analyst-python-sql-developer-gebbs-healthcare-solutions-pvt-ltd-mumbai-3-to-8-years-060426501373,2026-06-03T20:40:11.732644
8f0efed0c026,Junior Business Intelligence Analyst,BI Analyst,Cloud Counselage,Mumbai,1-2 Yrs,1.0,2.0,0-2 Years (Fresher),Computer Science | Data Cleansing | Data Analysis | Analytical | Process Improvement | Data Collection | Data Quality | Business Intelligence,8,3+ weeks ago,https://www.naukri.com/job-listings-junior-business-intelligence-analyst-cloud-counselage-pvt-ltd-mumbai-1-to-2-years-301225507884,2026-06-03T20:40:11.734060
1872862fa454,"Analyst, Business Intelligence",BI Analyst,CACTUS Communications,Mumbai,3-5 Yrs,3.0,5.0,3-5 Years (Mid),Selection Process | E-Learning | Automation | Google Analytics | Manager Technology | Power BI | Advanced Excel | Data Analyst,8,3+ weeks ago,https://www.naukri.com/job-listings-analyst-business-intelligence-cactus-communications-mumbai-3-to-5-years-300426503886,2026-06-03T20:40:11.736296
1c633b758920,"Business Intelligence Analyst, Associate",BI Analyst,Newfold Digital,Mumbai,1-2 Yrs,1.0,2.0,0-2 Years (Fresher),Health Insurance | Data Analysis | Automation | Service Level | Information Security | Diversity And Inclusion | Wordpress | Business Intelligence Analyst,8,3+ weeks ago,https://www.naukri.com/job-listings-business-intelligence-analyst-associate-newfold-digital-mumbai-1-to-2-years-060526503506,2026-06-03T20:40:11.738558
751518ba068a,Analyst - Business Intelligence,BI Analyst,Aspiration,Mumbai,3-5 Yrs,3.0,5.0,3-5 Years (Mid),Digital Media | Data Validation | Business Intelligence | Troubleshooting | Adobe | Comparative Analysis | Analytics | Monitoring,8,3+ weeks ago,https://www.naukri.com/job-listings-analyst-business-intelligence-aspiration-mumbai-3-to-5-years-280222501389,2026-06-03T20:40:11.739563
50c81a90a755,Business Intelligence Analyst,BI Analyst,Medpace Clinical Research India,Mumbai,0-5 Yrs,0.0,5.0,0-2 Years (Fresher),Computer Science | Cro | Data Analysis | Data Modeling | Analytical | Pharma | Business Intelligence | Operations,8,3+ weeks ago,https://www.naukri.com/job-listings-business-intelligence-analyst-medpace-inc-mumbai-0-to-5-years-290126506135,2026-06-03T20:40:11.741072
67a620b80ec5,Business Intelligence Analyst-Goregaon West,BI Analyst,Rentokil Initial,Mumbai,2-4 Yrs,2.0,4.0,0-2 Years (Fresher),It Analyst | Application Support | Business Intelligence Analyst | Ssrs | Workflow | Ssis | Business Intelligence | Troubleshooting,8,3+ weeks ago,https://www.naukri.com/job-listings-business-intelligence-analyst-goregaon-west-rentokil-initial-mumbai-2-to-4-years-181125503363,2026-06-03T20:40:11.742183
b7bfb8933c49,Business Intelligence Analyst,BI Analyst,Rentokil PCI,Mumbai,1-3 Yrs,1.0,3.0,0-2 Years (Fresher),Bigquery | Data Visualization | SQL | Business Intelligence Reporting | Business Analytics | Data Analysis | Dashboard Development | Data Sourcing,8,2 weeks ago,https://www.naukri.com/job-listings-business-intelligence-analyst-rentokil-pci-mumbai-all-areas-1-to-3-years-190526014541,2026-06-03T20:40:11.744226
bea8969d9e8f,Business Intelligence (BI) Analyst,BI Analyst,Jean Martin Systems,Mumbai,2-5 Yrs,2.0,5.0,0-2 Years (Fresher),Computer Science | Data Validation | Data Modeling | Business Analytics | Analytical | Power BI | Data Analytics | Business Intelligence,8,3+ weeks ago,https://www.naukri.com/job-listings-business-intelligence-bi-analyst-jean-martin-systems-india-pvt-ltd-mumbai-2-to-5-years-091225504022,2026-06-03T20:40:11.745227
0e9c5d47ab8e,Lead Business Intelligence Analyst,BI Analyst,Cision,Mumbai,8-13 Yrs,8.0,13.0,6-10 Years (Senior),Coding | Business Analysis | Analytical | Social Media | Workflow | Microsoft | Business Intelligence | Forecasting,8,3+ weeks ago,https://www.naukri.com/job-listings-lead-business-intelligence-analyst-cision-mumbai-8-to-13-years-230426503569,2026-06-03T20:40:11.746226
835973f7ca2b,Senior Business Intelligence Analyst,BI Analyst,Bloom Energy,Mumbai,5-7 Yrs,5.0,7.0,3-5 Years (Mid),Python | Tableau Reporting | Etl | AWS | SQL | Business Intelligence Reporting | Business Analysis | Tableau,8,6 days ago,https://www.naukri.com/job-listings-senior-business-intelligence-analyst-bloom-energy-mumbai-5-to-7-years-280526017556,2026-06-03T20:40:11.747226
d701a6851dfe,Business Intelligence Analyst,BI Analyst,AN Solutions India,Mumbai,8-10 Yrs,8.0,10.0,6-10 Years (Senior),Business Intelligence | Data Modeling | Power BI | Dashboard Design | Ui Ux | T-Sql | Query Optimization | Report Development,8,1 day ago,https://www.naukri.com/job-listings-business-intelligence-analyst-an-solutions-india-mumbai-all-areas-8-to-10-years-020626912030,2026-06-03T20:40:11.749227
1c111c1f307a,Business Intelligence & Operations Analyst,BI Analyst,Altamount Consulting Services,Mumbai,3-6 Yrs,3.0,6.0,3-5 Years (Mid),Business Analytics | Vba Coding | Zoho Creator | Power BI | Routing | Dispatch | Advanced Excel | Macros,8,1 week ago,https://www.naukri.com/job-listings-business-intelligence-operations-analyst-altamount-consulting-services-mumbai-3-to-6-years-260526038325,2026-06-03T20:40:11.751175
9d8f7dbaf6e1,Business Intelligence Analyst,BI Analyst,Suryoday Small Finance Bank,Navi Mumbai,1-4 Yrs,1.0,4.0,0-2 Years (Fresher),Business Insights | SQL | Analytics | Interpretation | Business Analysis | Business Insight | Insights | Business Intelligence,8,3+ weeks ago,https://www.naukri.com/job-listings-business-intelligence-analyst-suryoday-small-finance-bank-navi-mumbai-1-to-4-years-030526002849,2026-06-03T20:40:11.753173
6c9095ca204b,Analyst - Business Consulting,Other,EY,Gurgaon,0-1 Yrs,0.0,1.0,0-2 Years (Fresher),Management Accounting | Manager Internal Audit | Assurance | Business Consulting | Data Modeling | Risk Consulting | Agile | Business Strategy,8,3+ weeks ago,https://www.naukri.com/job-listings-analyst-business-consulting-ernst-young-gurugram-0-to-1-years-050925503059,2026-06-03T20:40:24.852330
eb9a83f57b8d,Business Intelligence Analyst,BI Analyst,Adobe,Noida,3-8 Yrs,3.0,8.0,3-5 Years (Mid),Adobe Acrobat | Advanced Analytics | GCP | Data Quality | Business Intelligence | Adobe | SQL | Python,8,3+ weeks ago,https://www.naukri.com/job-listings-business-intelligence-analyst-adobe-systems-india-pvt-ltd-noida-3-to-8-years-160426502677,2026-06-03T20:40:24.854352
afc5e3b32939,"Business Analyst (Power BI, Advance SQL with BPO Exp) Immediate Join",BI Analyst,TP,Gurgaon,5-7 Yrs,5.0,7.0,3-5 Years (Mid),Power Bi Reports | Power Bi Dashboards | Power BI | Advanced Excel | SQL | Dax | Advance Sql | Business Analysis,8,1 week ago,https://www.naukri.com/job-listings-business-analyst-power-bi-advance-sql-with-bpo-exp-immediate-join-tp-gurugram-5-to-7-years-070625013871,2026-06-03T20:40:24.883979
2d4270e6c8fe,Business Intelligence Analyst I,BI Analyst,TP,Gurgaon,1-2 Yrs,1.0,2.0,0-2 Years (Fresher),Business Intelligence | Customer Experience Management | Data Analysis | Customer Service | Business Intelligence Analyst | Business Analysis | Customer Experience | Management,8,2 weeks ago,https://www.naukri.com/job-listings-business-intelligence-analyst-i-teleperformance-global-business-private-limited-gurugram-1-to-2-years-200526938775,2026-06-03T20:40:24.886971
35f02ef57b96,Business Intelligence Analyst I,BI Analyst,TP,Gurgaon,1-2 Yrs,1.0,2.0,0-2 Years (Fresher),Business Intelligence | Customer Service | Data Analysis | Marketing | Logistics | Business Analysis | Analysis | Data,8,2 weeks ago,https://www.naukri.com/job-listings-business-intelligence-analyst-i-teleperformance-global-business-private-limited-gurugram-1-to-2-years-200526938794,2026-06-03T20:40:24.889975
16408ef95bbc,Business Intelligence Analyst I,BI Analyst,TP,Noida,1-4 Yrs,1.0,4.0,0-2 Years (Fresher),Business Intelligence | Data Analysis | Operations | Data Systems | Design | Process Improvement | Communication And Interpersonal Skills | Business Operations,8,Few hours ago,https://www.naukri.com/job-listings-business-intelligence-analyst-i-teleperformance-global-business-private-limited-noida-1-to-4-years-030626923708,2026-06-03T20:40:24.891973
7b95408a086d,Fresher- Technical business analysis engineer- UK shift,Other,Conduent,Delhi,0 Yrs,0.0,0.0,0-2 Years (Fresher),Manual Testing | Development Testing | Technical | Technical Skills | Sql Queries | Business Analysis | SQL | Testing,8,2 weeks ago,https://www.naukri.com/job-listings-fresher-technical-business-analysis-engineer-uk-shift-conduent-delhi-ncr-0-to-0-years-190526923499,2026-06-03T20:40:24.896152
b1f256dcff36,"Business Intelligence Analyst, Insuretech",BI Analyst,Suredrive Assist,Gurgaon,3-5 Yrs,3.0,5.0,3-5 Years (Mid),Data Validation | Business Intelligence | Financial Analysis | Dashboards | SQL | Power Bi Reports | Report Automation | Power BI,8,2 weeks ago,https://www.naukri.com/job-listings-business-intelligence-analyst-insuretech-suredrive-assist-gurugram-3-to-5-years-180526024483,2026-06-03T20:40:24.899283
7d11a71f4002,Business Intelligence Analyst II,BI Analyst,TP,Gurgaon,1-5 Yrs,1.0,5.0,0-2 Years (Fresher),Business Intelligence | Customer Service | Data Analysis | Marketing | Logistics | Business Analysis | Analysis | Data,8,2 weeks ago,https://www.naukri.com/job-listings-business-intelligence-analyst-ii-teleperformance-global-business-private-limited-gurugram-1-to-5-years-200526938844,2026-06-03T20:40:24.904508
d83459358f53,Senior Analyst Business Consulting Risk FS CNS Risk Actuarial,Other,EY,Gurgaon,0-7 Yrs,0.0,7.0,0-2 Years (Fresher),Manager Internal Audit | Assurance | Wealth Management | Data Modeling | Risk Assessment | Consulting | Actuarial | Asset Management,8,3+ weeks ago,https://www.naukri.com/job-listings-senior-analyst-business-consulting-risk-fs-cns-risk-actuarial-ernst-young-gurugram-0-to-7-years-040226502477,2026-06-03T20:40:24.905681
23261456ef3a,Senior Analyst - Business Consulting Risk - FS - CNS - Risk,Other,EY,Gurgaon,0-1 Yrs,0.0,1.0,0-2 Years (Fresher),Assurance | Due Diligence | Financial Reporting | Business Planning | Agile | Market Research | Actuarial | Information Technology,8,3+ weeks ago,https://www.naukri.com/job-listings-senior-analyst-business-consulting-risk-fs-cns-risk-ernst-young-gurugram-0-to-1-years-130226501697,2026-06-03T20:40:24.907930
63221c90893d,Market Research Analyst - Analytics & Business Intelligence,BI Analyst,Dev Solutions,Noida,2-3 Yrs,2.0,3.0,0-2 Years (Fresher),Computer Science | Statistics | Database Management | Web Development | Data Collection | Market Research Analyst | New Product Development | Business Intelligence,8,3+ weeks ago,https://www.naukri.com/job-listings-market-research-analyst-analytics-business-intelligence-dev-solutions-noida-2-to-3-years-041024502906,2026-06-03T20:40:24.908930
6d10de845d13,Senior Business Systems Analyst,Other,Akamai,Delhi,6-11 Yrs,6.0,11.0,6-10 Years (Senior),Computer Science | Enterprise Applications | Senior Analyst | Social Media | Test Scenarios | Customer Service | Data Mapping | User Acceptance Testing,8,2 days ago,https://www.naukri.com/job-listings-senior-business-systems-analyst-akamai-technologies-new-delhi-bengaluru-6-to-11-years-010626500707,2026-06-03T20:40:24.913492
75c6aa761da9,V&A Business Intelligence Senior Analyst,BI Analyst,Accenture,Gurgaon,1-2 Yrs,1.0,2.0,0-2 Years (Fresher),Finance | Financial Analysis | Python | Due Diligence | Ai | Marketing Communications | Power BI | Process Improvement,8,1 week ago,https://www.naukri.com/job-listings-v-a-business-intelligence-senior-analyst-accenture-solutions-pvt-ltd-gurugram-1-to-2-years-220526924353,2026-06-03T20:40:24.914491
9a977cf0d270,Associate Business Analyst,Data Analyst,OYO,Gurgaon,0-6 Yrs,0.0,6.0,0-2 Years (Fresher),Power BI | Business Analytics | Bi Tools | Data Analytics | SQL | Business Analysis | Data | Analytics,8,1 week ago,https://www.naukri.com/job-listings-associate-business-analyst-oyo-gurugram-0-to-6-years-250526030676,2026-06-03T20:40:24.916492
1b498f753325,"Data Analyst (Business Intelligence,Python,Machine Learning,Power BI )",BI Analyst,FIS,Gurgaon,4-8 Yrs,4.0,8.0,3-5 Years (Mid),Data Analyst | Python | Storytelling | Data Analysis | Ai | Power BI | Numpy | Machine Learning,8,1 week ago,https://www.naukri.com/job-listings-data-analyst-business-intelligence-python-machine-learning-power-bi-fis-global-business-solutions-india-pvt-ltd-gurugram-4-to-8-years-270526928124,2026-06-03T20:40:24.919480
6b4de1f171af,Senior Business Intelligence Analyst,BI Analyst,Fiducive Tech,Remote,4-9 Yrs,4.0,9.0,3-5 Years (Mid),Gong | Business Intelligence | Power BI | Revenue Operations | SQL | Commercial Operations | Sales Operations | Forecasting,8,5 days ago,https://www.naukri.com/job-listings-senior-business-intelligence-analyst-fiducive-tech-pvt-ltd-gurugram-4-to-9-years-280526028958,2026-06-03T20:40:24.921477
92c49376c81a,Business Intelligence Analyst I,BI Analyst,TP,Chennai,1-4 Yrs,1.0,4.0,0-2 Years (Fresher),Business Intelligence | Microsoft Office | Operations | Design | Business Processes | Communication And Interpersonal Skills | Business Operations | Communication Skills,8,Few hours ago,https://www.naukri.com/job-listings-business-intelligence-analyst-i-teleperformance-global-business-private-limited-chennai-1-to-4-years-030626923800,2026-06-03T20:40:39.859029
23dfb2c30a9f,Business Intelligence Developer,BI Analyst,WPP,Chennai,2-4 Yrs,2.0,4.0,0-2 Years (Fresher),Infrastructure Management | Analytical | Application Security | Manager Quality Control | Business Intelligence | Adobe | Analytics | SQL,8,2 weeks ago,https://www.naukri.com/job-listings-business-intelligence-developer-wpp-aunz-chennai-2-to-4-years-190526503154,2026-06-03T20:40:39.861031
0ce247a11050,Business Intelligence Analyst,BI Analyst,DATATERRAIN LTD,Chennai,4-6 Yrs,4.0,6.0,3-5 Years (Mid),Data Analysis | Data Management | Data Science | Analytical | Business Intelligence Analyst | Data Visualization | Reporting Tools | SQL,8,3+ weeks ago,https://www.naukri.com/job-listings-business-intelligence-analyst-dataterrain-ltd-chennai-4-to-6-years-180425504739,2026-06-03T20:40:39.864369
b86431a53418,Business Analyst,Data Analyst,Cognizant,Chennai,8-13 Yrs,8.0,13.0,6-10 Years (Senior),Life Insurance | Business Analyst | Retirement | Requirement Gathering | 401K | Business Analysis | Insurance | Requirements,8,Today,https://www.naukri.com/job-listings-business-analyst-cognizant-noida-chennai-bengaluru-8-to-13-years-030626012140,2026-06-03T20:40:39.866369
e593728dc085,Business Intelligence Analyst,BI Analyst,Hitachi Energy,Chennai,3-5 Yrs,3.0,5.0,3-5 Years (Mid),Data Analysis | Business Analysis | Analytical | Business Intelligence Analyst | Strategic Planning | Power BI | Data Analytics | Advanced Excel,8,2 weeks ago,https://www.naukri.com/job-listings-business-intelligence-analyst-hitachi-energy-chennai-3-to-5-years-180526505074,2026-06-03T20:40:39.868371
486eb9d2e44f,Capital Market Business Analyst,Data Analyst,Tata Consultancy Services,Chennai,8-10 Yrs,8.0,10.0,6-10 Years (Senior),Capital Market | Business Analysis | Derivatives | Derivative Market | Analysis,5,1 week ago,https://www.naukri.com/job-listings-capital-market-business-analyst-tata-consultancy-services-gurugram-chennai-bengaluru-8-to-10-years-130426006890,2026-06-03T20:40:39.871369
dea9771b0b49,Business Intelligence Analyst,BI Analyst,Equiniti India,Chennai,7-12 Yrs,7.0,12.0,6-10 Years (Senior),Power Bi Reports | Data Modeling | Sharepoint | Python | Ssrs | Ssis | Modeling | Intelligence,8,1 week ago,https://www.naukri.com/job-listings-business-intelligence-analyst-equiniti-india-chennai-7-to-12-years-160426036800,2026-06-03T20:40:39.872368
8052b41de56f,DST Business Analyst and Business Intelligence Developer,BI Analyst,Husky Injection Molding Systems,Chennai,5-10 Yrs,5.0,10.0,3-5 Years (Mid),Azure Data Factory | Power Bi Dashboards | Azure Synapse Analytics | Ssis | SQL | Ssas | Azure Data Lake | Business Development,8,2 weeks ago,https://www.naukri.com/job-listings-dst-business-analyst-and-business-intelligence-developer-husky-injection-molding-systems-chennai-5-to-10-years-100326012665,2026-06-03T20:40:39.873368
c8f4ef568936,Business Intelligence Analyst I,BI Analyst,TP,Chennai,1-2 Yrs,1.0,2.0,0-2 Years (Fresher),Business Intelligence | Marketing | Customer Experience Management | Data Analysis | Customer Service | Logistics | Customer Experience | Intelligence,8,1 week ago,https://www.naukri.com/job-listings-business-intelligence-analyst-i-teleperformance-global-business-private-limited-chennai-1-to-2-years-270526927848,2026-06-03T20:40:39.875368
ad6be34df95b,Senior Analyst - Business Intelligence,BI Analyst,Dentsu Webchutney,Chennai,3-4 Yrs,3.0,4.0,3-5 Years (Mid),Basic | Tableau | Data Management | Senior Analyst | Database | Data Structures | Business Intelligence | Intelligence,8,1 day ago,https://www.naukri.com/job-listings-senior-analyst-business-intelligence-dentsu-inc-chennai-3-to-4-years-020626500175,2026-06-03T20:40:39.877368
6e95a84b81b8,Senior Business Analyst - Healthcare,Data Analyst,Hexaware Technologies,Chennai,3-7 Yrs,3.0,7.0,3-5 Years (Mid),Business Process | Data Analysis | Odbc | Customer Management | Claims | Healthcare | Senior Business Analyst | Sdlc,8,5 days ago,https://www.naukri.com/job-listings-senior-business-analyst-healthcare-hexaware-technologies-chennai-3-to-7-years-290526502656,2026-06-03T20:40:39.878368
90ca5af7de54,Business Analyst - Atos,Data Analyst,Atos,Chennai,10-15 Yrs,10.0,15.0,6-10 Years (Senior),Loans | Business Analyst | Banking | Business Analysis,4,2 days ago,https://www.naukri.com/job-listings-business-analyst-atos-atos-mumbai-chennai-bengaluru-10-to-15-years-010626028951,2026-06-03T20:40:39.879369
00e53e09f05f,Business Intelligence Developer,BI Analyst,CGI,Chennai,6-9 Yrs,6.0,9.0,6-10 Years (Senior),Bi Development | Snowflake | Dbt | SQL | Development | Intelligence | Bi | Business Intelligence,8,1 week ago,https://www.naukri.com/job-listings-business-intelligence-developer-cgi-chennai-6-to-9-years-250526004777,2026-06-03T20:40:39.881368
efb5cefd6752,Business Analyst,Data Analyst,TP,Noida,1-2 Yrs,1.0,2.0,0-2 Years (Fresher),Software Testing | Operating Systems | Business Analyst | Coding | Customer Experience Management | Programming | Deployment | Management,8,3+ weeks ago,https://www.naukri.com/job-listings-business-analyst-teleperformance-global-services-noida-1-to-2-years-120725501204,2026-06-03T20:40:51.829275
eae0d627f06e,BUSINESS ANALYST,Data Analyst,Sharda University,Greater Noida,2-5 Yrs,2.0,5.0,0-2 Years (Fresher),Control And Assurance Methodologies | Project Management | Fp And A | Financial Planning And Analysis | Budget Development | Project Planning | Assurance | Project,8,3+ weeks ago,https://www.naukri.com/job-listings-business-analyst-sharda-university-greater-noida-2-to-5-years-200917502702,2026-06-03T20:40:51.860710
182f2d74a94f,Business Analyst - Lead,Data Analyst,Iris Software,Noida,4-7 Yrs,4.0,7.0,3-5 Years (Mid),Business Analyst | MLOps | Automation | Business Automation | Quality Engineering | It Services | Business Strategies | Devops,8,3+ weeks ago,https://www.naukri.com/job-listings-business-analyst-lead-iris-software-technologies-private-limited-noida-4-to-7-years-040526914861,2026-06-03T20:40:51.861729
4ef56b11d9f3,Legal - Senior Business Analyst,Data Analyst,Hexaware Technologies,Noida,9-12 Yrs,9.0,12.0,6-10 Years (Senior),Legal | Business Analysis | Litera | Intapp | Support Operations | Application Support | Sme | Operational Support,8,1 week ago,https://www.naukri.com/job-listings-legal-senior-business-analyst-hexaware-technologies-noida-hyderabad-pune-9-to-12-years-290426022259,2026-06-03T20:40:51.865671
f47484ddd67f,Fresher- Technical business analysis engineer- UK shift,Other,Conduent,Noida,0 Yrs,0.0,0.0,0-2 Years (Fresher),Manual Testing | Development Testing | Technical | Technical Skills | Sql Queries | Business Analysis | SQL | Testing,8,2 weeks ago,https://www.naukri.com/job-listings-fresher-technical-business-analysis-engineer-uk-shift-conduent-noida-0-to-0-years-190526923497,2026-06-03T20:40:51.870934
1fea5c67dbab,Analyst III Business Process Transactions / RR,Other,DXC Technology,Noida,0-1 Yrs,0.0,1.0,0-2 Years (Fresher),Data Analysis | Pmp | Quality Standards | Compliance | Process Improvement | Social Media | Manager Technology | Business Process Management,8,2 weeks ago,https://www.naukri.com/job-listings-analyst-iii-business-process-transactions-rr-dxc-technology-noida-0-to-1-years-190526503188,2026-06-03T20:40:51.872965
1cb91e03fc6f,Business Analyst,Data Analyst,Dynamic Technosoft,Noida,0-2 Yrs,0.0,2.0,0-2 Years (Fresher),Business Analyst | Management | Business Analysis,3,3+ weeks ago,https://www.naukri.com/job-listings-business-analyst-dynamic-technosoft-com-noida-0-to-2-years-280623500416,2026-06-03T20:40:51.875182
529007e183c5,Senior Business Analyst,Data Analyst,Claight Corporation Expert Market Research,Noida,0-1 Yrs,0.0,1.0,0-2 Years (Fresher),Finance | Consulting | Senior Business Analyst | Financial Analyst | Research | Operations | Senior | Financial Analysis,8,3+ weeks ago,https://www.naukri.com/job-listings-senior-business-analyst-claight-corporation-expert-market-research-noida-0-to-1-years-190225502668,2026-06-03T20:40:51.880205
c6493febc7fd,Senior Business Analyst,Data Analyst,Iris Software,Noida,3-6 Yrs,3.0,6.0,3-5 Years (Mid),Business Analyst | Data Analysis | Software Testing | Test Management | Sprint | User Stories | Software Quality | SQL,8,Few hours ago,https://www.naukri.com/job-listings-senior-business-analyst-iris-software-technologies-private-limited-noida-3-to-6-years-030626931117,2026-06-03T20:40:51.888851
30e540320f34,Senior Business Systems Analyst,Other,"Interra Information Technologies, Inc",Noida,3-6 Yrs,3.0,6.0,3-5 Years (Mid),Project Management | Business Requirements | Strong Analytical Skills | Documentation | Business Analysis | Problem Solving | User Stories | Analysis,8,Few hours ago,https://www.naukri.com/job-listings-senior-business-systems-analyst-interra-information-technologies-inc-noida-3-to-6-years-030626505038,2026-06-03T20:40:51.893737
860dc50e547e,Senior Manager -Business Analyst,Data Analyst,Inox Neo Energies Ltd.,Noida,7-12 Yrs,7.0,12.0,6-10 Years (Senior),Financial Modelling | Business Modeling | Market Assessment | Feasibility Studies | Senior Management | Modeling | Business Analysis | Management,8,Today,https://www.naukri.com/job-listings-senior-manager-business-analyst-inox-neo-energies-ltd-noida-7-to-12-years-030626012800,2026-06-03T20:40:51.894766
ac94a8186d88,Senior Business Analyst,Data Analyst,Ameriprise Financial,Noida,3-7 Yrs,3.0,7.0,3-5 Years (Mid),Vba | Report Automation | Vba Coding | Vba Automation | Excel Dashboards | Macros | Analytics | Excel Vba,8,1 day ago,https://www.naukri.com/job-listings-senior-business-analyst-ameriprise-financial-noida-gurugram-3-to-7-years-020626022347,2026-06-03T20:40:51.897135
af604612eaca,Senior Business Analyst  Advanced Analytics & Data Science,Data Analyst,Texlon,Noida,8-12 Yrs,8.0,12.0,6-10 Years (Senior),Python | SQL | Data Modeling | Machine Learning | Modeling | Data Analysis | Advanced Analytics | Business Analysis,8,5 days ago,https://www.naukri.com/job-listings-senior-business-analyst-advanced-analytics-data-science-texlon-noida-bengaluru-8-to-12-years-290526017232,2026-06-03T20:40:51.899402
94f63f6bca8f,Senior Business Analyst - Healthcare,Data Analyst,Hexaware Technologies,Noida,3-7 Yrs,3.0,7.0,3-5 Years (Mid),Business Process | Data Analysis | Odbc | Customer Management | Claims | Healthcare | Senior Business Analyst | Sdlc,8,5 days ago,https://www.naukri.com/job-listings-senior-business-analyst-healthcare-hexaware-technologies-noida-3-to-7-years-290526502658,2026-06-03T20:40:51.902532
ab2864a92623,Business Intelligence Developer (BI Developer),BI Analyst,Apta Talenta,Gurgaon,3-8 Yrs,3.0,8.0,3-5 Years (Mid),Power BI | Dax | SQL | Bi Development | Data Visualization | Data Warehousing | Dashboards | Fabric,8,2 weeks ago,https://www.naukri.com/job-listings-business-intelligence-developer-bi-developer-apta-talenta-gurugram-3-to-8-years-180526027594,2026-06-03T20:41:03.242208
c216badbd44b,Business Intelligence Developer,BI Analyst,Dev It Serv,Gurgaon,2-4 Yrs,2.0,4.0,0-2 Years (Fresher),Power BI | Data Visualization | Dashboards | Data Modeling | SQL | Dax Queries | Power Pivot | Macros,8,6 days ago,https://www.naukri.com/job-listings-business-intelligence-developer-dev-it-serv-gurugram-2-to-4-years-280526020961,2026-06-03T20:41:03.243208
48a0036abefa,Senior Business Analyst - Digital Success Operations,Data Analyst,Sprinklr,Gurgaon,2-7 Yrs,2.0,7.0,0-2 Years (Fresher),Digital | Digital Marketing | Project Management | Adtech | Predictive Analytics | Strong Analytical Skills | Customer Engagement | Marketing,8,3+ weeks ago,https://www.naukri.com/job-listings-senior-business-analyst-digital-success-operations-sprinklr-solutions-pvt-ltd-gurugram-bengaluru-2-to-7-years-300126502458,2026-06-03T20:41:03.256852
da337896e372,Sr Business Analyst - (AI) Data systems,Data Analyst,TATA 1 MG,Gurgaon,2-4 Yrs,2.0,4.0,0-2 Years (Fresher),Vertex | Scikit-learn | Numpy | Artificial Intelligence | SQL | Healthcare | Requirement Gathering | Automation,8,5 days ago,https://www.naukri.com/job-listings-sr-business-analyst-ai-data-systems-1mg-gurugram-2-to-4-years-290526508548,2026-06-03T20:41:03.258955
b0a6637b2692,NLP Engineer/AI Engineer,NLP Engineer,TEG India,Gurgaon,6-10 Yrs,6.0,10.0,6-10 Years (Senior),Fine Tuning | NLP | Retrieval Augmented Generation | AWS | Python | LLMs | Performance | Large,8,4 days ago,https://www.naukri.com/job-listings-nlp-engineer-ai-engineer-teg-india-gurugram-bengaluru-6-to-10-years-240526001877,2026-06-03T20:41:17.703160
2181ed776dce,Natural Language Processing (NLP)-AI Platform Engineer,NLP Engineer,Accenture,Bangalore,10-15 Yrs,10.0,15.0,6-10 Years (Senior),Chatbot | Python | NLP | Neural Networks | Deep Learning | Data Analysis | Machine Learning | Javascript,8,1 week ago,https://www.naukri.com/job-listings-natural-language-processing-nlp-ai-platform-engineer-accenture-solutions-pvt-ltd-bengaluru-10-to-15-years-250526933275,2026-06-03T20:41:17.706159
82e6ba17d26e,Bilingual NLP Engineer (Japanese),NLP Engineer,Andre Consultancy Services,Bangalore,3-7 Yrs,3.0,7.0,3-5 Years (Mid),Automation | Transcription | Process Efficiency | Machine Learning | Data Processing | NLP | Research | Troubleshooting,8,3+ weeks ago,https://www.naukri.com/job-listings-bilingual-nlp-engineer-japanese-andre-global-bengaluru-3-to-7-years-070824502631,2026-06-03T20:41:17.707159
d8304980344c,Senior NLP Engineer(INDIA ONLY),NLP Engineer,Futurepath Ai,Kolkata,1-4 Yrs,1.0,4.0,0-2 Years (Fresher),Computer Science | Deep Learning | Data Science | Machine Learning | Manager Technology | Mentor | Deployment | Mathematics,8,3+ weeks ago,https://www.naukri.com/job-listings-senior-nlp-engineer-india-only-futurepath-ai-kolkata-mumbai-new-delhi-hyderabad-pune-chennai-bengaluru-1-to-4-years-050225501411,2026-06-03T20:41:17.709158
302c0996454e,NLP - Engineer,NLP Engineer,Koireader Technologies,Bangalore,3-8 Yrs,3.0,8.0,3-5 Years (Mid),Supply Chain | Process Automation | Geometry | Artificial Intelligence | Data Processing | Oracle | Troubleshooting | Open Source,8,3+ weeks ago,https://www.naukri.com/job-listings-nlp-engineer-koireader-technologies-bengaluru-3-to-8-years-110920500462,2026-06-03T20:41:17.710159
a211082493ca,Lead Engineer - AI/NLP,NLP Engineer,Evalueserve,Bangalore,7-12 Yrs,7.0,12.0,6-10 Years (Senior),Algorithms | Python | C++ | Data Scraping | NLP | Bot | Information Retrieval | Deep Learning,8,3+ weeks ago,https://www.naukri.com/job-listings-lead-engineer-ai-nlp-evalueserve-com-pvt-ltd-bengaluru-7-to-12-years-060526502006,2026-06-03T20:41:17.711668
0c5581760519,Openings IN Bangalore For AI Engineers(Contract To HIRE),AI Engineer,An IT MNC,Bangalore,5-8 Yrs,5.0,8.0,3-5 Years (Mid),TensorFlow | Ai Engineer | Aws Sagemaker | Conversational Ai | Python | Llm Engineer | Kendra | LangChain,8,1 day ago,https://www.naukri.com/job-listings-openings-in-bangalore-for-ai-engineers-contract-to-hire-eyeglobal-bengaluru-5-to-8-years-010626029852,2026-06-03T20:41:17.712678
21d9d9532504,Prompt Engineer,Other,Accenture,Bangalore,3-8 Yrs,3.0,8.0,3-5 Years (Mid),Machine Learning | Workday | NLP | Design | Ai | Troubleshooting | Programming | Language Models,8,1 week ago,https://www.naukri.com/job-listings-prompt-engineer-accenture-solutions-pvt-ltd-bengaluru-3-to-8-years-260526918903,2026-06-03T20:41:17.714957
c9423f72b912,Prompt Engineer,Other,Accenture,Bangalore,3-8 Yrs,3.0,8.0,3-5 Years (Mid),Python | NLP | Ai Development | Design | Ai | Troubleshooting | Machine Learning | Analytical Skills,8,1 week ago,https://www.naukri.com/job-listings-prompt-engineer-accenture-solutions-pvt-ltd-bengaluru-3-to-8-years-260526918640,2026-06-03T20:41:17.716971
85f397016812,Prompt Engineer,Other,Accenture,Bangalore,5-10 Yrs,5.0,10.0,3-5 Years (Mid),Ai Model | NLP | Design | Ai | User Experience | Programming Languages | Artificial Intelligence | Programming,8,1 week ago,https://www.naukri.com/job-listings-prompt-engineer-accenture-solutions-pvt-ltd-bengaluru-5-to-10-years-220526924298,2026-06-03T20:41:17.717957
edace2f0c403,GenAI Engineer,AI Engineer,Altimetrik,Bangalore,2-5 Yrs,2.0,5.0,0-2 Years (Fresher),Algorithms | Python | NLP | Scikit-learn | Neural Networks | Problem Solving | Engineering | Machine Learning,8,1 week ago,https://www.naukri.com/job-listings-genai-engineer-altimetrik-corp-bengaluru-2-to-5-years-210526501190,2026-06-03T20:41:17.719375
3133c2e8f9e4,GenAI Engineer,AI Engineer,Saarthee,Bangalore,4-12 Yrs,4.0,12.0,3-5 Years (Mid),Data Science | Consulting | Machine Learning | Cloud | Programming | NLP | AWS | Project Execution,8,3+ weeks ago,https://www.naukri.com/job-listings-genai-engineer-saarthee-bengaluru-4-to-12-years-270126502020,2026-06-03T20:41:17.722831
fe348c70cf8a,Artificial IntelligenceSoftware Engineer,Other,Arivon Technologies,Bangalore,5-8 Yrs,5.0,8.0,3-5 Years (Mid),Orchestration | Data Science | GCP | Artificial Intelligence | Healthcare | Data Processing | NLP | Python,8,3+ weeks ago,https://www.naukri.com/job-listings-artificial-intelligencesoftware-engineer-arivon-technologies-bengaluru-5-to-8-years-200924501096,2026-06-03T20:41:17.724829
7a36b8ed8838,GenerativeAI Engineer,AI Engineer,Deloitte US-India Offices,Hyderabad,7-11 Yrs,7.0,11.0,6-10 Years (Senior),Genrative Ai | LangChain | LLMs | Gen Ai Developer | NLP | Neural Networks | RAG | Ai Developer,8,3 weeks ago,https://www.naukri.com/job-listings-generativeai-engineer-deloitte-consulting-hyderabad-pune-bengaluru-7-to-11-years-120526005374,2026-06-03T20:41:17.728254
de14973e7ae5,Nlp Software Engineer,NLP Engineer,Tata Consultancy Services,Hyderabad,3-6 Yrs,3.0,6.0,3-5 Years (Mid),NLP | Nltk | Openai | Bert | Spacy | Textblob | Processing | Languages,8,1 week ago,https://www.naukri.com/job-listings-nlp-software-engineer-tata-consultancy-services-hyderabad-bengaluru-india-3-to-6-years-250526007529,2026-06-03T20:41:17.730650
b1f7b9e3b28c,Artificial Intelligence Engineer - NLP / Computer Vision,NLP Engineer,Nasugroup,Bangalore,2-5 Yrs,2.0,5.0,0-2 Years (Fresher),Artificial Intelligence | Front End | Python | Transformers | Api Integration | Ai | Aws Lambda | Javascript,8,1 week ago,https://www.naukri.com/job-listings-artificial-intelligence-engineer-nlp-computer-vision-nasugroup-bengaluru-2-to-5-years-210526924147,2026-06-03T20:41:17.731886
b38202b6326d,Lead AI/ML Engineer NLP & Generative AI,NLP Engineer,Isarva Infotech,Bangalore,2-6 Yrs,2.0,6.0,0-2 Years (Fresher),C++ | Scikit-learn | Nltk | Numpy | Artificial Intelligence | SQL | Deep Learning | TensorFlow,8,3+ weeks ago,https://www.naukri.com/job-listings-lead-ai-ml-engineer-nlp-generative-ai-isarva-infotech-private-limited-bengaluru-2-to-6-years-240426501816,2026-06-03T20:41:17.733884
5550fb9e2c62,"Advanced Engineer: ML, LLM, NLP, RAG",NLP Engineer,HARMAN India,Bangalore,8-13 Yrs,8.0,13.0,6-10 Years (Senior),Automation | Linux | Iso | Computer Vision | Coding | Sdlc | Analytics | Monitoring,8,2 weeks ago,https://www.naukri.com/job-listings-advanced-engineer-ml-llm-nlp-rag-harman-india-bengaluru-8-to-13-years-140526502715,2026-06-03T20:41:17.735882
0d17ec524fe8,Senior Machine Learning Engineer NLP,NLP Engineer,Observe.AI,Bangalore,3-8 Yrs,3.0,8.0,3-5 Years (Mid),Computer Science | Deep Learning | Publishing | Performance Management | Machine Learning | Production Handling | NLP | Medical Insurance,8,3+ weeks ago,https://www.naukri.com/job-listings-senior-machine-learning-engineer-nlp-observe-ai-bengaluru-3-to-8-years-090326501232,2026-06-03T20:41:17.738885
c83a7e0fcc53,Machine Learning Engineer III (NLP),NLP Engineer,Suki,Bangalore,8-13 Yrs,8.0,13.0,6-10 Years (Senior),Administration | Backend | Transcription | Coding | Machine Learning | Healthcare | Workflow | Data Structures,8,3+ weeks ago,https://www.naukri.com/job-listings-machine-learning-engineer-iii-nlp-suki-bengaluru-8-to-13-years-020426508316,2026-06-03T20:41:17.740326
353fc6f11364,NLP Engineer,NLP Engineer,Flextrio Solutions,Hyderabad,2-7 Yrs,2.0,7.0,0-2 Years (Fresher),Chatbot | Python | Data Analytics | NLP | Sentiment Analysis | Predictive Analytics | Machine Learning | SQL,8,3 weeks ago,https://www.naukri.com/job-listings-nlp-engineer-flextrio-hyderabad-2-to-7-years-130526503496,2026-06-03T20:41:31.463830
4f42aa662d14,Resume Parsing Engineer or NLP Engineer - Talent Smart,NLP Engineer,Talent Smart Soft Solutions,Hyderabad,3-8 Yrs,3.0,8.0,3-5 Years (Mid),It Services | Data Modeling | Xml | MySQL | Debugging | Json | Unit Testing | Apache,8,3+ weeks ago,https://www.naukri.com/job-listings-resume-parsing-engineer-or-nlp-engineer-talent-smart-talent-smart-soft-solutions-opc-private-limited-hyderabad-3-to-8-years-060225506225,2026-06-03T20:41:31.466285
27bd52e98417,NLP Engineer Legal Domain,NLP Engineer,Spotflock Technologies,Hyderabad,3-6 Yrs,3.0,6.0,3-5 Years (Mid),Deep Learning Frameworks | Python | Algorithm Analysis | Cnn | NLP | Sentiment Analysis | Ai Solutions | Problem Solving,8,6 days ago,https://www.naukri.com/job-listings-nlp-engineer-legal-domain-spotflock-technologies-pvt-ltd-hyderabad-3-to-6-years-280526505140,2026-06-03T20:41:31.468294
964ee9bb5345,MLOps/LLMOps Engineer,ML Engineer,Coforge,Hyderabad,6-10 Yrs,6.0,10.0,6-10 Years (Senior),Machine Learning | Cicd Methodology | LangChain | Docker | NLP | Openai | LLMs | Deep Learning,8,6 days ago,https://www.naukri.com/job-listings-mlops-llmops-engineer-coforge-hyderabad-pune-greater-noida-6-to-10-years-280526011436,2026-06-03T20:41:31.470293
335c1a11736c,NLP Engine Support & Enhancement Engineer,NLP Engineer,Leading Client,Hyderabad,4-9 Yrs,4.0,9.0,3-5 Years (Mid),NLP | TensorFlow | Data Engineering | Machine Learning | Devops | Microservices | Rest | Docker,8,6 days ago,https://www.naukri.com/job-listings-nlp-engine-support-enhancement-engineer-ideslabs-private-limited-hyderabad-4-to-9-years-280526924943,2026-06-03T20:41:31.475749
0fb8ee23b8ae,Artificial Intelligence Engineer,AI Engineer,Tata Consultancy Services,Hyderabad,6-10 Yrs,6.0,10.0,6-10 Years (Senior),Agentic Ai | Artificial Intelligence | Machine Learning | Python | Intelligence | Machine,6,4 days ago,https://www.naukri.com/job-listings-artificial-intelligence-engineer-tata-consultancy-services-hyderabad-chennai-bengaluru-6-to-10-years-290526025157,2026-06-03T20:41:31.479054
9977469baa77,AI ML Engineer- Assistant Manager,ML Engineer,Anlage Infotech,Hyderabad,6-9 Yrs,6.0,9.0,6-10 Years (Senior),Python | Artificial Intelligence | Aiml | NLP | Chatbot | RAG | Conversational Ai | LLMs,8,5 days ago,https://www.naukri.com/job-listings-ai-ml-engineer-assistant-manager-anlage-infotech-hyderabad-6-to-9-years-180526026270,2026-06-03T20:41:31.480052
46beea965078,Nlp Software Developer,NLP Engineer,Databuzz,Hyderabad,4-7 Yrs,4.0,7.0,3-5 Years (Mid),NLP | Sentiment Analysis | Text Analytics | Software | Process | Languages | Development | Analytics,8,3 weeks ago,https://www.naukri.com/job-listings-nlp-software-developer-databuzz-hyderabad-4-to-7-years-080526009084,2026-06-03T20:41:31.482041
962a0bbc89ed,"Senior AI/ML Engineer GenAI, LLM & RAG",ML Engineer,A Client of Anlage,Hyderabad,12-15 Yrs,12.0,15.0,10+ Years (Lead/Principal),Artificial Intelligence | Aiml | Python | NLP | Chatbot | RAG | Conversational Ai | LLMs,8,3+ weeks ago,https://www.naukri.com/job-listings-senior-ai-ml-engineer-genai-llm-rag-anlage-infotech-hyderabad-12-to-15-years-060526015398,2026-06-03T20:41:31.484056
6adf86e974db,Senior Natural Language Processing (NLP) Engineer,NLP Engineer,GENZEON (INDIA) PRIVATE LIMITED,Pune,1-5 Yrs,1.0,5.0,0-2 Years (Fresher),MLOps | NLP | Problem Solving | Engineering | Languages | Process | Senior | Processing,8,3+ weeks ago,https://www.naukri.com/job-listings-senior-natural-language-processing-nlp-engineer-genzeon-technology-solutions-private-limited-pune-1-to-5-years-050224500390,2026-06-03T20:41:43.812898
6409ab4b0c43,GenAI Engineer,AI Engineer,Aventior Digital,Pune,3-4 Yrs,3.0,4.0,3-5 Years (Mid),Data Science | Agentic Ai | Artificial Intelligence | Retrieval Augmented Generation | Machine Learning | Ai Solutions | NLP | Statistics,8,6 days ago,https://www.naukri.com/job-listings-genai-engineer-aventior-digital-pune-3-to-4-years-050625000017,2026-06-03T20:41:43.813899
cafeb26ac490,Agentic AiMl Engineers,ML Engineer,Datametica,Pune,3-5 Yrs,3.0,5.0,3-5 Years (Mid),Agentic Ai | Langgraph | Artificial Intelligence | LangChain | NLP | Aiml | Machine Learning,7,3 weeks ago,https://www.naukri.com/job-listings-agentic-aiml-engineers-datametica-pune-3-to-5-years-110526004929,2026-06-03T20:41:43.815904
3976cfd01884,GenAI Engineer,AI Engineer,Data Economy,Pune,1-3 Yrs,1.0,3.0,0-2 Years (Fresher),Deep Learning | Networking | Cloud Services | Machine Learning | Programming | Algorithm Development | Data Processing | NLP,8,3+ weeks ago,https://www.naukri.com/job-listings-genai-engineer-dataeconomy-pune-1-to-3-years-110226502900,2026-06-03T20:41:43.818891
4b96558648a0,"AI/ML Engineer - GenAI, LLM & RAG (Python & NLP)",NLP Engineer,Tata Consultancy Services,Pune,4-8 Yrs,4.0,8.0,3-5 Years (Mid),Machine Learning | Deep Learning | Python | Data Science | NLP | LangChain | RAG | LLMs,8,1 day ago,https://www.naukri.com/job-listings-ai-ml-engineer-genai-llm-rag-python-nlp-tata-consultancy-services-bhubaneswar-pune-mumbai-all-areas-4-to-8-years-020626028289,2026-06-03T20:41:43.819900
11f18c7500c1,AI Engineer Agentic Operations NLP,NLP Engineer,Rocket Software,Pune,5-10 Yrs,5.0,10.0,3-5 Years (Mid),Computer Science | Automation | Linux | Computer Vision | Machine Learning | Equity | Information Management | SQL,8,3+ weeks ago,https://www.naukri.com/job-listings-ai-engineer-agentic-operations-nlp-rocket-software-pune-chennai-5-to-10-years-250226502418,2026-06-03T20:41:43.820895
b3c6b80f6a32,AI Engineer Agentic Operations NLP,NLP Engineer,ASG Technologies,Pune,5-10 Yrs,5.0,10.0,3-5 Years (Mid),Computer Science | Automation | Linux | Computer Vision | Machine Learning | Equity | Information Management | SQL,8,3+ weeks ago,https://www.naukri.com/job-listings-ai-engineer-agentic-operations-nlp-asg-technologies-pune-chennai-5-to-10-years-250226502396,2026-06-03T20:41:43.822898
160c87c1d96f,Sr Data Science Software Engineer - NLP - Scheduled walk - 11th April,NLP Engineer,Rocket Software,Pune,5-10 Yrs,5.0,10.0,3-5 Years (Mid),Data Science | NLP | LLMs | Machine Learning | Software | Science | Sr,7,3+ weeks ago,https://www.naukri.com/job-listings-sr-data-science-software-engineer-nlp-scheduled-walk-11th-april-rocket-software-pune-5-to-10-years-060426003447,2026-06-03T20:41:43.823895
0841a1f4dbfd,"Data Engineer - Python, Machine Learning,NLP, LLM, ML",NLP Engineer,PSRTEK,Pune,5-8 Yrs,5.0,8.0,3-5 Years (Mid),Deep Learning | Version Control | Literature | Coding | Project Management | Focus | Machine Learning | Research,8,3+ weeks ago,https://www.naukri.com/job-listings-data-engineer-python-machine-learning-nlp-llm-ml-psr-tek-pune-5-to-8-years-130426502358,2026-06-03T20:41:43.824900
e7a8ba6eb1f0,Machine Learning Engineer - Computer Vision/NLP,NLP Engineer,Scandid,Pune,5-10 Yrs,5.0,10.0,3-5 Years (Mid),Matlab | Hive | Algorithms | Data Analysis | Scikit-learn | Neural Networks | Apache Pig | Mxnet,8,3+ weeks ago,https://www.naukri.com/job-listings-machine-learning-engineer-computer-vision-nlp-scandid-pune-5-to-10-years-040225513474,2026-06-03T20:41:43.825914
c581c9979f3d,Senior AI Engineer,AI Engineer,Simplify Healthcare,Pune,4-10 Yrs,4.0,10.0,3-5 Years (Mid),Artificial Intelligence | RAG | Openai | Senior | Intelligence,5,3 weeks ago,https://www.naukri.com/job-listings-senior-ai-engineer-simplify-healthcare-pune-4-to-10-years-070526028156,2026-06-03T20:41:43.826916
797254b8e820,Machine Learning Engineer,ML Engineer,Prowess Selling Skills,Pune,2-4 Yrs,2.0,4.0,0-2 Years (Fresher),Data Engineering | Fastapi | Machine Learning | Python Development | Ai Engineer | TensorFlow | Panda | Sql Server Development,8,2 weeks ago,https://www.naukri.com/job-listings-machine-learning-engineer-prowess-selling-skills-pune-2-to-4-years-011225006034,2026-06-03T20:41:43.828912
7b5b5e81d095,NLP engineer,NLP Engineer,Sifthub,Mumbai,4-7 Yrs,4.0,7.0,3-5 Years (Mid),Domain Knowledge | Python | Confluence | Ux | NLP | Ai | Sharepoint | LLMs,8,3+ weeks ago,https://www.naukri.com/job-listings-nlp-engineer-sifthub-mumbai-4-to-7-years-210126501996,2026-06-03T20:41:53.319441
071a8403b645,Prompt Engineer,Other,Learningmate Solutions,Mumbai,4-7 Yrs,4.0,7.0,3-5 Years (Mid),Prompt Engineering | Generative AI | LLMs | Artificial Intelligence | NLP | Ai | Chain Of Thought Prompting | Retrieval Augmented Generation,8,1 day ago,https://www.naukri.com/job-listings-prompt-engineer-learningmate-solutions-chennai-mumbai-all-areas-4-to-7-years-230426035952,2026-06-03T20:41:53.322482
cc5c42802f88,MLOps Engineer,ML Engineer,LenDenClub,Mumbai,5-10 Yrs,5.0,10.0,3-5 Years (Mid),Algorithms | Python | NLP | Scikit-learn | Problem Solving | Engineering | Machine Learning | Root Cause Analysis,8,3+ weeks ago,https://www.naukri.com/job-listings-mlops-engineer-lendenclub-mumbai-5-to-10-years-300426501643,2026-06-03T20:41:53.323501
83632481815d,AI Red Teaming Enginee Professional,Data Scientist,PROTECTT.AI Labs,Mumbai,4-9 Yrs,4.0,9.0,3-5 Years (Mid),Computer Vision | Python | Cnn | NLP | Neural Networks | Aws Sagemaker | Huggingface | Machine Learning,8,2 weeks ago,https://www.naukri.com/job-listings-ai-red-teaming-enginee-professional-protectt-ai-labs-pvt-ltd-mumbai-4-to-9-years-140526504608,2026-06-03T20:41:53.324501
28bc4c8d761f,Natural Language Processing (NLP) Engineer,NLP Engineer,Digital Global Services,Delhi,1-3 Yrs,1.0,3.0,0-2 Years (Fresher),Computer Science | Analytical | Artificial Intelligence | Machine Learning | Healthcare | Information Retrieval | Wellness | Html,8,2 weeks ago,https://www.naukri.com/job-listings-natural-language-processing-nlp-engineer-digital-global-services-new-delhi-1-to-3-years-130125502595,2026-06-03T20:42:06.335343
36994f6c2250,Engineer- NLP,NLP Engineer,Evalueserve,Gurgaon,1-3 Yrs,1.0,3.0,0-2 Years (Fresher),Algorithms | Python | C++ | Data Scraping | NLP | Information Retrieval | Deep Learning | Bert,8,3+ weeks ago,https://www.naukri.com/job-listings-engineer-nlp-evalueserve-com-pvt-ltd-gurugram-1-to-3-years-060526502012,2026-06-03T20:42:06.337343
f83410cb728f,AI NLP Engineer,NLP Engineer,Evalueserve,Gurgaon,3-5 Yrs,3.0,5.0,3-5 Years (Mid),Kubernetes | Python | Software Development | NLP | Azure | Cloud Platforms | Aiml | Artificial Intelligence,8,2 weeks ago,https://www.naukri.com/job-listings-ai-nlp-engineer-evalueserve-com-pvt-ltd-gurugram-3-to-5-years-150526501261,2026-06-03T20:42:06.339362
dc797820b220,Experienced Prompt Engineer,Other,Taxmann Publications,Delhi,3-5 Yrs,3.0,5.0,3-5 Years (Mid),Prompt Engineering | Python | Generative AI | Ai Solutions | Ai | System Design | Machine Learning | Javascript,8,5 days ago,https://www.naukri.com/job-listings-experienced-prompt-engineer-taxmann-new-delhi-3-to-5-years-290526923440,2026-06-03T20:42:06.340362
7404c4ca7359,Prompt Engineer,Other,Leading Client,Delhi,5-10 Yrs,5.0,10.0,3-5 Years (Mid),LLMs | Oop | Git | NLP | Financial Services | Software Engineering | Apis,7,6 days ago,https://www.naukri.com/job-listings-prompt-engineer-ideslabs-private-limited-new-delhi-5-to-10-years-280526921448,2026-06-03T20:42:06.341362
52d44e76a66b,Natural Language Processing Engineer,NLP Engineer,Samatrix Consulting,Gurgaon,2-6 Yrs,2.0,6.0,0-2 Years (Fresher),Machine Learning | Programming | NLP | Python | Languages | Process | Machine | Processing,8,3+ weeks ago,https://www.naukri.com/job-listings-natural-language-processing-engineer-samatrix-consulting-private-limited-gurgaon-2-to-6-years-210320500342,2026-06-03T20:42:06.344427
bf5beb78da7d,MLOPS Engineer,ML Engineer,Cognizant,Gurgaon,6-10 Yrs,6.0,10.0,6-10 Years (Senior),Cd | Continuous Integration | Kubernetes | Python | NLP | Azure Machine Learning | Neural Networks | Aws Sagemaker,8,2 weeks ago,https://www.naukri.com/job-listings-mlops-engineer-cognizant-gurugram-6-to-10-years-150526007717,2026-06-03T20:42:06.347374
16ab97dd63db,Prompt Engineer,Other,OrangeMantra,Gurgaon,1-4 Yrs,1.0,4.0,0-2 Years (Fresher),Emerging Technologies | Python | C | NLP | Ai Solutions | Ai | Machine Learning | Programming Languages,8,3+ weeks ago,https://www.naukri.com/job-listings-prompt-engineer-orangemantra-gurugram-1-to-4-years-090326503015,2026-06-03T20:42:06.350372
ca9a8064711b,GenAI Engineer,AI Engineer,Capgemini,Gurgaon,2-5 Yrs,2.0,5.0,0-2 Years (Fresher),Python | Kubernetes | Vector Search | NLP | Generative AI | Ai | Aks | Azure,8,3+ weeks ago,https://www.naukri.com/job-listings-genai-engineer-capgemini-technology-services-india-limited-gurugram-2-to-5-years-050526933396,2026-06-03T20:42:06.353373
ccbeedf3eff8,LLM Engineer (INDIA),AI Engineer,Trexquant Investment LP,Gurgaon,2-7 Yrs,2.0,7.0,0-2 Years (Fresher),Deep Learning | Artificial Intelligence | Finance | Machine Learning | Investment Strategies | Infrastructure | Transformers | Deployment,8,3+ weeks ago,https://www.naukri.com/job-listings-llm-engineer-india-trexquant-investment-lp-gurugram-2-to-7-years-140825502455,2026-06-03T20:42:06.356862
7847e192afb5,Machine Learning Engineer Computer Vision & NLP,NLP Engineer,Codefeast Enterprises,Remote,2-5 Yrs,2.0,5.0,0-2 Years (Fresher),NLP | LLMs | Machine Learning | Computer Vision | Cnn | Tensorrt | PyTorch | MLOps,8,2 weeks ago,https://www.naukri.com/job-listings-machine-learning-engineer-computer-vision-nlp-codefeast-enterprises-gurugram-2-to-5-years-090526001219,2026-06-03T20:42:06.359368
1d824ee7fa75,Engineer - AI/NLP Solutions,NLP Engineer,Evalueserve,Gurgaon,2-4 Yrs,2.0,4.0,0-2 Years (Fresher),Kubernetes | Python | C++ | Software Development | NLP | Azure | Aiml | Engineering,8,2 weeks ago,https://www.naukri.com/job-listings-engineer-ai-nlp-solutions-evalueserve-com-pvt-ltd-gurugram-2-to-4-years-150526501130,2026-06-03T20:42:06.361377
caa82afae66b,Senior NLP Research Engineer,NLP Engineer,Nextmeta Labs,Noida,4-6 Yrs,4.0,6.0,3-5 Years (Mid),Training | Metadata | Product Engineering | GCP | Machine Learning | NLP | Research | Open Source,8,3+ weeks ago,https://www.naukri.com/job-listings-senior-nlp-research-engineer-metafusion-noida-4-to-6-years-250725503594,2026-06-03T20:42:06.362376
e76c85431f04,"Data Engineer Lead - AI, ML, NER, OCR, NLP",NLP Engineer,Ydts Global,Noida,15-20 Yrs,15.0,20.0,10+ Years (Lead/Principal),Cloud Computing | Medical Affairs | Continuous Integration | Data Modeling | Pharma | Analytical | Pharmacovigilance | Oracle,8,3+ weeks ago,https://www.naukri.com/job-listings-data-engineer-lead-ai-ml-ner-ocr-nlp-ydts-global-noida-15-to-20-years-200226505658,2026-06-03T20:42:06.365381
a0901e9dca42,Lead Engineer,Other,elevate,Delhi,3-7 Yrs,3.0,7.0,3-5 Years (Mid),NLP | Genai | LLMs | Data Mining | Engineering Leadership,5,3 weeks ago,https://www.naukri.com/job-listings-lead-engineer-elevate-gurugram-delhi-ncr-3-to-7-years-070526032890,2026-06-03T20:42:06.368379
daffd70dfb12,AI/ML Developer,Data Scientist,Payoneer,Gurgaon,4-6 Yrs,4.0,6.0,3-5 Years (Mid),Computer Science | C++ | Prototype | Version Control | GCP | Machine Learning | Open Source | Business Intelligence,8,3+ weeks ago,https://www.naukri.com/job-listings-ai-ml-developer-payoneer-gurugram-4-to-6-years-290426505157,2026-06-03T20:42:06.370381
dc74502c1b75,Senior Software Engineer/LE (NLP / Data Engineer AI/ML),NLP Engineer,Prodapt Solutions,Chennai,2-5 Yrs,2.0,5.0,0-2 Years (Fresher),Generative AI | Aiml | Etl | Python | Software | NLP | Le | Senior,8,3 weeks ago,https://www.naukri.com/job-listings-senior-software-engineer-le-nlp-data-engineer-ai-ml-prodapt-solutions-chennai-2-to-5-years-070526014870,2026-06-03T20:42:14.845208
7eec1341d7df,AI Tech Lead,Data Scientist,Stack Digital,Chennai,7-12 Yrs,7.0,12.0,6-10 Years (Senior),GCP | Devops | Senior Lead | Technical Lead | Transformers | Deployment | Mentor | Management,8,3+ weeks ago,https://www.naukri.com/job-listings-ai-tech-lead-stack-digital-madurai-tiruppur-salem-chennai-tiruchirapalli-coimbatore-7-to-12-years-010526503355,2026-06-03T20:42:14.848208
ade2e93ab9d2,Vision & Deep Learning Engineer,Deep Learning Engineer,Tonbo Imaging,Bangalore,3-8 Yrs,3.0,8.0,3-5 Years (Mid),Computer Science | Geometry | Computer Vision | C++ | Prototype | Front End | Linux | Machine Learning,8,3+ weeks ago,https://www.naukri.com/job-listings-vision-deep-learning-engineer-tonbo-imaging-pvt-ltd-bengaluru-3-to-8-years-131023500049,2026-06-03T20:42:49.580366
d1df298b7232,Sr. Engineer Deep Learning,Deep Learning Engineer,Spline,Bangalore,2-6 Yrs,2.0,6.0,0-2 Years (Fresher),Training | Deep Learning | Architecture | Scalability | Data Processing | Performance Optimization | Model Development | Deployment,8,3+ weeks ago,https://www.naukri.com/job-listings-sr-engineer-deep-learning-spline-bengaluru-2-to-6-years-231023502625,2026-06-03T20:42:49.581352
3b420e844286,System Software Engineer - Deep Learning,Deep Learning Engineer,Nvidia,Bangalore,5-10 Yrs,5.0,10.0,3-5 Years (Mid),Computer Science | Infotainment | Deep Learning | C++ | Computer Graphics | Data Structures | System Software | Gaming,8,3+ weeks ago,https://www.naukri.com/job-listings-system-software-engineer-deep-learning-nvidia-bengaluru-5-to-10-years-270126505173,2026-06-03T20:42:49.624606
5d8add83e38b,AI/ML Deep Learning Engineering,Deep Learning Engineer,Teknotrait Solutions,Bangalore,2-7 Yrs,2.0,7.0,0-2 Years (Fresher),Data Science | Artificial Intelligence | Neural Networks | Machine Learning | Python | Engineering | Intelligence | Science,8,3+ weeks ago,https://www.naukri.com/job-listings-ai-ml-deep-learning-engineering-teknotrait-solutions-bengaluru-2-to-7-years-061125503738,2026-06-03T20:42:49.626607
a3388fb715c3,Machine Learning Software Engineer,Data Scientist,Apple,Bangalore,8-13 Yrs,8.0,13.0,6-10 Years (Senior),Machine Learning | Information Retrieval | Customer Experience | Open Source | Distribution System | Digital Transformation | Open | Machine,8,2 weeks ago,https://www.naukri.com/job-listings-machine-learning-software-engineer-apple-india-pvt-ltd-bengaluru-8-to-13-years-200526504008,2026-06-03T20:42:49.630605
175f7d5590fe,Computer Vision/Machine Learning Engineer,Deep Learning Engineer,Firstsense Technology,Bangalore,2-5 Yrs,2.0,5.0,0-2 Years (Fresher),Continuous Integration | Cd | Python | C++ | NLP | Mathematics | Strong Analytical Skills | Ci/Cd,8,3+ weeks ago,https://www.naukri.com/job-listings-computer-vision-machine-learning-engineer-first-sense-technology-bengaluru-2-to-5-years-090824500267,2026-06-03T20:42:49.632607
da5437fa43e7,Senior Machine Learning Engineer,ML Engineer,Siemens,Bangalore,5-10 Yrs,5.0,10.0,3-5 Years (Mid),Machine Learning | TensorFlow | Azure | Git | Ai | Big Data | Technical Leadership | Version Control,8,2 days ago,https://www.naukri.com/job-listings-senior-machine-learning-engineer-siemens-limited-bengaluru-5-to-10-years-010626920715,2026-06-03T20:42:49.634608
74a34225b7f8,"Staff Software Engineer, Machine Learning, Sports Search",Data Scientist,Google,Bangalore,8-13 Yrs,8.0,13.0,6-10 Years (Senior),Networking | User Interface Designing | Artificial Intelligence | Machine Learning | System Design | Information Retrieval | Technical Lead | NLP,8,3+ weeks ago,https://www.naukri.com/job-listings-staff-software-engineer-machine-learning-sports-search-google-india-private-limited-bengaluru-8-to-13-years-090725503882,2026-06-03T20:42:49.647606
8152732205aa,Machine Learning Engineer,ML Engineer,Earnin,Bangalore,0-1 Yrs,0.0,1.0,0-2 Years (Fresher),Computer Science | Deep Learning | Automation Testing | Architecture | Finance | Machine Learning | Programming | Application Software,8,Few hours ago,https://www.naukri.com/job-listings-machine-learning-engineer-earnin-bengaluru-0-to-1-years-030626502811,2026-06-03T20:42:49.649605
f85f0c3e38a6,"Senior System Software Engineer, Deep Learning Accelerator",Deep Learning Engineer,Nvidia,Bangalore,12-17 Yrs,12.0,17.0,10+ Years (Lead/Principal),Electrical Engineering | Deep Learning | C++ | Linux | Artificial Intelligence | Process Control | Debugging | Programming,8,3+ weeks ago,https://www.naukri.com/job-listings-senior-system-software-engineer-deep-learning-accelerator-nvidia-bengaluru-12-to-17-years-190326503159,2026-06-03T20:42:49.651617
1f352f7c96a0,"Software Engineer III, Machine Learning, Home AI Safety",Data Scientist,Google,Bangalore,2-7 Yrs,2.0,7.0,0-2 Years (Fresher),Data Analysis | Networking | Artificial Intelligence | Debugging | Machine Learning | Data Structures | System Design | Application Development,8,3+ weeks ago,https://www.naukri.com/job-listings-software-engineer-iii-machine-learning-home-ai-safety-google-india-private-limited-bengaluru-2-to-7-years-090725503843,2026-06-03T20:42:49.652604
2b0195e6104b,"Software Engineer, Machine Learning Compilers",Data Scientist,Google,Bangalore,2-7 Yrs,2.0,7.0,0-2 Years (Fresher),C++ | Networking | Soc | Artificial Intelligence | Machine Learning | Data Structures | System Design | Information Retrieval,8,3+ weeks ago,https://www.naukri.com/job-listings-software-engineer-machine-learning-compilers-google-india-private-limited-bengaluru-2-to-7-years-090725503853,2026-06-03T20:42:49.653606
062065ff5809,Junior Software Engineer,Other,DMart,Bangalore,0-1 Yrs,0.0,1.0,0-2 Years (Fresher),Golang | Java | Backend Development | Software Engineering | Backend | Software | Development,7,1 day ago,https://www.naukri.com/job-listings-junior-software-engineer-dmart-bengaluru-0-to-1-years-020626005525,2026-06-03T20:42:49.655605
32e37a1ee1d8,Machine Learning Engineer,ML Engineer,Siemens,Bangalore,2-5 Yrs,2.0,5.0,0-2 Years (Fresher),Machine Learning | TensorFlow | Predictive Modeling | Big Data | LLMs | Deep Learning | Analytics | SQL,8,2 days ago,https://www.naukri.com/job-listings-machine-learning-engineer-siemens-limited-bengaluru-2-to-5-years-010626921098,2026-06-03T20:42:49.659611
cf80e2582e1e,Senior AI and Machine Learning Engineer,ML Engineer,Hewlett Packard Enterprise,Bangalore,9-14 Yrs,9.0,14.0,6-10 Years (Senior),Tcp | Automation | Metadata | Coding | Social Media | Data Mining | Technical Support | Analytics,8,1 day ago,https://www.naukri.com/job-listings-senior-ai-and-machine-learning-engineer-hewlett-packard-enterprise-bengaluru-9-to-14-years-020626500318,2026-06-03T20:42:49.662609
81069e806a2e,Computer Vision Intern (Deep Learning),Deep Learning Engineer,Artpark,Bangalore,Not Specified,,,Not Specified,R | Deep Learning | Computer Vision,3,Starts in 1-3 months,https://www.naukri.com/job-listings-computer-vision-intern-deep-learning-artpark-bengaluru-0-to-1-years-130526502698,2026-06-03T20:42:49.665619
2628346884d5,Senior Machine Learning Engineer - AAI FDE,ML Engineer,SAP,Bangalore,7-12 Yrs,7.0,12.0,6-10 Years (Senior),Computer Science | Software Design | Backend | Sap | Debugging | Machine Learning | System Design | Internship,8,2 weeks ago,https://www.naukri.com/job-listings-senior-machine-learning-engineer-aai-fde-sap-india-pvt-ltd-bengaluru-7-to-12-years-200526503970,2026-06-03T20:42:49.667820
8185a90e83c8,Deep Learning Engineer,Deep Learning Engineer,Openpixel Web Solutions,Hyderabad,1-4 Yrs,1.0,4.0,0-2 Years (Fresher),Computer Vision | Python | C++ | C | NLP | Neural Networks | Numpy | Machine Learning,8,3+ weeks ago,https://www.naukri.com/job-listings-deep-learning-engineer-openpixel-web-solutions-hyderabad-1-to-4-years-301025504932,2026-06-03T20:43:00.882087
a32cd2049684,Senior Machine Learning / Deep Learning Engineer,Deep Learning Engineer,Qloron Technology,Hyderabad,5-7 Yrs,5.0,7.0,3-5 Years (Mid),Deep Learning | R | TensorFlow | Regression | Data Annotation | Neural Networks | Design | PyTorch,8,3+ weeks ago,https://www.naukri.com/job-listings-senior-machine-learning-deep-learning-engineer-qloron-pvt-ltd-hyderabad-5-to-7-years-210126501970,2026-06-03T20:43:00.884086
f5bd7e0e654b,Machine Learning Software Engineer,Data Scientist,Apple,Hyderabad,5-10 Yrs,5.0,10.0,3-5 Years (Mid),Machine Learning | Information Retrieval | Customer Experience | Open Source | Distribution System | Digital Transformation | Software | Source,8,2 weeks ago,https://www.naukri.com/job-listings-machine-learning-software-engineer-apple-india-pvt-ltd-hyderabad-5-to-10-years-200526502785,2026-06-03T20:43:00.920356
1f686e133d01,Computer Vision and Machine Learning Engineer,Deep Learning Engineer,Xmachines,Hyderabad,2-4 Yrs,2.0,4.0,0-2 Years (Fresher),R | Machine Learning | Computer Vision,3,3+ weeks ago,https://www.naukri.com/job-listings-computer-vision-and-machine-learning-engineer-xmachines-hyderabad-2-to-4-years-060524502826,2026-06-03T20:43:00.921387
fd0c04199ba6,Machine Learning Engineer (MLOp's),ML Engineer,Tata Consultancy Services,Hyderabad,5-10 Yrs,5.0,10.0,3-5 Years (Mid),MLOps | Machine Learning | Python | Spark | Ci/Cd | Git Version Control | SQL | S,8,2 weeks ago,https://www.naukri.com/job-listings-machine-learning-engineer-mlop-s-tata-consultancy-services-hyderabad-chennai-bengaluru-5-to-10-years-180526001230,2026-06-03T20:43:00.923409
f81199d97f7b,"Senior Software Engineer, AI/Machine Learning",Data Scientist,Google,Hyderabad,5-10 Yrs,5.0,10.0,3-5 Years (Mid),Software Design | Networking | Artificial Intelligence | Machine Learning | Data Structures | System Design | NLP | Business Solutions,8,3+ weeks ago,https://www.naukri.com/job-listings-senior-software-engineer-ai-machine-learning-google-india-private-limited-hyderabad-5-to-10-years-090725503973,2026-06-03T20:43:00.925409
d3865751401f,Lead Machine Learning Engineer,ML Engineer,Capgemini,Hyderabad,6-11 Yrs,6.0,11.0,6-10 Years (Senior),R | Machine Learning,2,2 days ago,https://www.naukri.com/job-listings-lead-machine-learning-engineer-capgemini-technology-services-india-limited-hyderabad-6-to-11-years-010626921859,2026-06-03T20:43:00.926383
e34ed9792ad8,Senior Machine Learning Engineer,ML Engineer,S&P Global Market Intelligence,Hyderabad,5-10 Yrs,5.0,10.0,3-5 Years (Mid),Machine Learning | S3 | Python | Eda | Sqlite | NLP | Deployment Tools | Data Processing,8,3 weeks ago,https://www.naukri.com/job-listings-senior-machine-learning-engineer-s-p-capital-iq-india-pvt-ltd-hyderabad-bengaluru-5-to-10-years-130526938495,2026-06-03T20:43:00.930389
b3a31c06960b,Computer Vision and Machine Learning Engineer,Deep Learning Engineer,Xmachines,Hyderabad,2-5 Yrs,2.0,5.0,0-2 Years (Fresher),Computer Vision | Deep Learning | Machine Learning | Deployment | Computer | Machine | Processing,7,3+ weeks ago,https://www.naukri.com/job-listings-computer-vision-and-machine-learning-engineer-xmachines-hyderabad-2-to-5-years-030524500531,2026-06-03T20:43:00.934482
48ba66f88eaa,Machine Learning Engineer,ML Engineer,Tata Consultancy Services,Hyderabad,5-10 Yrs,5.0,10.0,3-5 Years (Mid),Machine Learning | Aws Sagemaker | Data Modeling | AWS | Python | Airflow | TensorFlow | Scikit-learn,8,3 weeks ago,https://www.naukri.com/job-listings-machine-learning-engineer-tata-consultancy-services-hyderabad-chennai-bengaluru-5-to-10-years-120526038503,2026-06-03T20:43:00.936545
95328bfa591d,Software Engineer,Other,Amazon,Hyderabad,0-2 Yrs,0.0,2.0,0-2 Years (Fresher),R,1,6 days ago,https://www.naukri.com/job-listings-software-engineer-amazon-hyderabad-0-to-2-years-280526011649,2026-06-03T20:43:00.942600
4182ee7dc27d,Machine Learning Engineer,ML Engineer,Eizen,Hyderabad,0-5 Yrs,0.0,5.0,0-2 Years (Fresher),Computer Science | Computer Vision | San | Linux | Coding | Tdd | Machine Learning | Debugging,8,3+ weeks ago,https://www.naukri.com/job-listings-machine-learning-engineer-eizen-hyderabad-0-to-5-years-220424501411,2026-06-03T20:43:00.946554
4973b30d2b41,Machine Learning Software Engineer (GPU / ROCm / CUDA / C++ / Python),Data Scientist,Symphisys,Hyderabad,3-8 Yrs,3.0,8.0,3-5 Years (Mid),Python | R | Machine Learning,3,3+ weeks ago,https://www.naukri.com/job-listings-machine-learning-software-engineer-gpu-rocm-cuda-c-python-symphisys-software-consulting-hyderabad-3-to-8-years-251125504133,2026-06-03T20:43:00.949284
d12d7cf6e4c4,Service Now Developer - Software Engineering - Development,Other,Kyndryl,Noida,0-3 Yrs,0.0,3.0,0-2 Years (Fresher),R,1,2 weeks ago,https://www.naukri.com/job-listings-200526502456,2026-06-03T20:43:00.953293
36842ad5eb47,Software Engineer,Other,Texas Instruments,Hyderabad,0-3 Yrs,0.0,3.0,0-2 Years (Fresher),Computer Science | Software Design | Manager Quality Assurance | Coding | Machine Learning | Firmware | System Software | Project Delivery,8,2 weeks ago,https://www.naukri.com/job-listings-software-engineer-texas-instruments-india-ltd-hyderabad-0-to-3-years-190526501927,2026-06-03T20:43:00.957353
83b2aa467ffa,Software Engineer,Other,Creative Hands HR,Hyderabad,0-2 Yrs,0.0,2.0,0-2 Years (Fresher),Java | C++ | Btech | Be | Engineering | Application Programming | Programming | Ai,8,Today,https://www.naukri.com/job-listings-software-engineer-creative-hands-hr-hyderabad-chennai-bengaluru-0-to-2-years-030626014833,2026-06-03T20:43:00.960353
9b64611c4665,"Software Engineer, developer / Programmer, 2026 graduate Can apply",Other,Creative Hands HR,Hyderabad,0-5 Yrs,0.0,5.0,0-2 Years (Fresher),Testing | Software | Software Programming | Python | Java | Software Engineering | Linux | Mobile Testing,8,2 days ago,https://www.naukri.com/job-listings-software-engineer-developer-programmer-2026-graduate-can-apply-creative-hands-hr-hyderabad-chennai-bengaluru-0-to-5-years-010626003048,2026-06-03T20:43:00.963310
21bfe03a46f5,Deep Learning Compiler Engineer,Deep Learning Engineer,quadric.io,Pune,2-6 Yrs,2.0,6.0,0-2 Years (Fresher),R | Deep Learning,2,3+ weeks ago,https://www.naukri.com/job-listings-deep-learning-compiler-engineer-quadric-io-inc-pune-2-to-6-years-230524500553,2026-06-03T20:43:14.414507
34d0ffb763d8,Deep Learning Complier Engineer,Deep Learning Engineer,Snaphyre,Pune,7-12 Yrs,7.0,12.0,6-10 Years (Senior),Deep Learning | Python | TensorFlow | Java | C | Data Pipelines | Design | PyTorch,8,3+ weeks ago,https://www.naukri.com/job-listings-deep-learning-complier-engineer-snaphyre-pune-7-to-12-years-240326501847,2026-06-03T20:43:14.416503
45f1d802b9ed,Senior Computer Vision Machine Learning Engineer,Deep Learning Engineer,Codvo,Pune,2-6 Yrs,2.0,6.0,0-2 Years (Fresher),Rtos | Computer Vision | C++ | Medical Imaging | Version Control | Iso | Machine Learning | Robotics,8,3+ weeks ago,https://www.naukri.com/job-listings-senior-computer-vision-machine-learning-engineer-codvo-ai-pune-2-to-6-years-080825500722,2026-06-03T20:43:14.443287
035724ffce57,Computer Vision Engineer,Deep Learning Engineer,Infosys,Pune,3-5 Yrs,3.0,5.0,3-5 Years (Mid),Computer Vision | Opencv | Artificial Intelligence | Machine Learning | Deep Learning | Python | Process,7,2 days ago,https://www.naukri.com/job-listings-computer-vision-engineer-infosys-pune-bengaluru-3-to-5-years-180526012830,2026-06-03T20:43:14.447661
45527f96363f,Deep Learning / Machine Learning / Data Scientist Intern,Deep Learning Engineer,Pivotchain Solutions,Pune,Not Specified,,,Not Specified,R | Machine Learning | Deep Learning,3,Starts in 1-3 months,https://www.naukri.com/job-listings-deep-learning-machine-learning-data-scientist-intern-pivotchain-pune-0-to-2-years-111224502998,2026-06-03T20:43:14.450912
65ffa29b6f62,AI Software Engineer,Data Scientist,Godigi Infotech,Pune,0-1 Yrs,0.0,1.0,0-2 Years (Fresher),Analytical Skills | C++ | Artificial Intelligence | Machine Learning | Programming | Javascript | Php | Matlab,8,6 days ago,https://www.naukri.com/job-listings-ai-software-engineer-godigi-infotech-pune-0-to-1-years-280526501974,2026-06-03T20:43:14.454991
d53ed0c2e2d7,Computer Vision Engineer,Deep Learning Engineer,EY,Pune,4-9 Yrs,4.0,9.0,3-5 Years (Mid),Machine Learning | Computer Vision | Python | Machine | Computer | Vision,6,6 days ago,https://www.naukri.com/job-listings-computer-vision-engineer-ey-pune-4-to-9-years-280526012244,2026-06-03T20:43:14.455991
380208e78e87,"Senior Engineer, Machine Learning Engineering",ML Engineer,Mastercard,Pune,4-7 Yrs,4.0,7.0,3-5 Years (Mid),Machine Learning | Python | Forecasting | Ai | Databricks | Power BI | LLMs | SQL,8,1 week ago,https://www.naukri.com/job-listings-senior-engineer-machine-learning-engineering-mastercard-india-services-private-limited-pune-4-to-7-years-270526932857,2026-06-03T20:43:14.457990
7797d0489bac,AI Engineer/Data Scientist(max 60 days notice period),AI Engineer,PwC Service Delivery Center,Pune,2-7 Yrs,2.0,7.0,0-2 Years (Fresher),Data Science | Langgraph | Artificial Intelligence | LLMs | Python | PyTorch | MLOps | LangChain,8,3 weeks ago,https://www.naukri.com/job-listings-ai-engineer-data-scientist-max-60-days-notice-period-pwc-service-delivery-center-hyderabad-pune-bengaluru-2-to-7-years-081125000082,2026-06-03T20:43:14.464240
1e9241c46f4d,"Senior System Software Engineer, Cloud Gaming",Other,Nvidia,Pune,0-5 Yrs,0.0,5.0,0-2 Years (Fresher),R,1,2 weeks ago,https://www.naukri.com/job-listings-senior-system-software-engineer-cloud-gaming-nvidia-pune-0-to-5-years-180526504300,2026-06-03T20:43:14.466256
ce293edf13f5,"Senior Engineer, Machine Learning Engineering-2",ML Engineer,Mastercard,Pune,7-11 Yrs,7.0,11.0,6-10 Years (Senior),Machine Learning | Data Engineering | Compliance | Diagnostics | Use Cases | Machine Learning Engineering | Feature Engineering | Ai,8,2 weeks ago,https://www.naukri.com/job-listings-senior-engineer-machine-learning-engineering-2-mastercard-india-services-private-limited-pune-7-to-11-years-200526937490,2026-06-03T20:43:14.471588
42118151e554,Machine Learning Engineer,ML Engineer,Cognizant,Pune,8-13 Yrs,8.0,13.0,6-10 Years (Senior),Etl Pipelines | MLOps | Machine Learning | Python | SQL | Etl | Pipeline | Machine,8,2 weeks ago,https://www.naukri.com/job-listings-machine-learning-engineer-cognizant-hyderabad-pune-8-to-13-years-150526032633,2026-06-03T20:43:14.474819
c74c5cf8c577,Deep learning Engineer,Deep Learning Engineer,Stark Industries,Mumbai,2-4 Yrs,2.0,4.0,0-2 Years (Fresher),Deep Learning | Side | Machine Learning | Infrastructure | Testing | Machine | Software Testing,7,3+ weeks ago,https://www.naukri.com/job-listings-deep-learning-engineer-stark-industries-mumbai-2-to-4-years-041220500028,2026-06-03T20:43:26.938558
d4472b9e401e,Software Engineer - Python+ Machine Learning Engineer,ML Engineer,Gebbs Healthcare Solutions,Mumbai,2-7 Yrs,2.0,7.0,0-2 Years (Fresher),Version Control | Sql Database | Analytical | Machine Learning | Cloud | Deployment | NLP | AWS,8,3+ weeks ago,https://www.naukri.com/job-listings-software-engineer-python-machine-learning-engineer-gebbs-healthcare-solutions-pvt-ltd-mumbai-2-to-7-years-300725504220,2026-06-03T20:43:26.963466
f432396cd793,Machine Learning Engineer,ML Engineer,Nugen Intelligence,Mumbai,0-2 Yrs,0.0,2.0,0-2 Years (Fresher),Deep Learning | Finance | Debugging | Machine Learning | Legal | Regulatory Compliance | Manager Technology | Healthcare,8,3+ weeks ago,https://www.naukri.com/job-listings-machine-learning-engineer-nugen-technologies-mumbai-0-to-2-years-150426503181,2026-06-03T20:43:26.966967
937a54756a52,Machine Learning Engineer,ML Engineer,Prodigal,Mumbai,0-5 Yrs,0.0,5.0,0-2 Years (Fresher),Health Insurance | Data Analysis | Data Science | Consumer Finance | Machine Learning | Data Visualization | SQL | Python,8,3+ weeks ago,https://www.naukri.com/job-listings-machine-learning-engineer-prodigal-mumbai-0-to-5-years-180924502642,2026-06-03T20:43:26.968228
9081de88bea0,AI Software Engineer,Data Scientist,Godigi Infotech,Mumbai,0-1 Yrs,0.0,1.0,0-2 Years (Fresher),Analytical Skills | C++ | Artificial Intelligence | Machine Learning | Programming | Javascript | Php | Matlab,8,2 weeks ago,https://www.naukri.com/job-listings-ai-software-engineer-godigi-infotech-mumbai-0-to-1-years-100524500130,2026-06-03T20:43:26.970227
f866719dab81,Associate Machine Learning Engineer,ML Engineer,Capgemini,Mumbai,2-5 Yrs,2.0,5.0,0-2 Years (Fresher),Machine Learning | Software Development | Data Structures | Problem Solving | Computational Analysis | Programming Logic | Software | Development,8,2 weeks ago,https://www.naukri.com/job-listings-associate-machine-learning-engineer-capgemini-technology-services-india-limited-mumbai-2-to-5-years-150526921455,2026-06-03T20:43:26.973227
d46b1b3e5389,Senior Machine Learning Engineer,ML Engineer,Taffi,Mumbai,7-12 Yrs,7.0,12.0,6-10 Years (Senior),Training | Deep Learning | Analytical | Machine Learning | Data Collection | Deployment | Data Quality | Hardware,8,3+ weeks ago,https://www.naukri.com/job-listings-senior-machine-learning-engineer-taffi-inc-kolkata-mumbai-new-delhi-hyderabad-pune-chennai-bengaluru-7-to-12-years-080424501215,2026-06-03T20:43:26.975227
292d47621506,Senior Machine Learning Engineer,ML Engineer,Quantiphi Analytics Solutions,Mumbai,3-6 Yrs,3.0,6.0,3-5 Years (Mid),Agentic Ai | Gemini Api | Multimodal Development | Agent Development Kit | Vertex Ai | Bigquery Optimization | Senior Machine Learning Engineer | Mcp,8,3 weeks ago,https://www.naukri.com/job-listings-senior-machine-learning-engineer-quantiphi-analytics-solutions-bengaluru-mumbai-all-areas-3-to-6-years-010526000375,2026-06-03T20:43:26.976227
de539131b3b6,Lead Software Engineer - SD /OTC,Other,Capgemini,Mumbai,9-14 Yrs,9.0,14.0,6-10 Years (Senior),Software Engineer | Mm | Sap | Issue Resolution | Sap Modules | Sap Sd | Business Processes | Sales,8,Few hours ago,https://www.naukri.com/job-listings-lead-software-engineer-sd-otc-capgemini-technology-services-india-limited-mumbai-gandhinagar-bengaluru-9-to-14-years-030626928927,2026-06-03T20:43:26.977749
f76894f64528,Lead Software Engineer - TM Functional,Other,Capgemini,Mumbai,5-8 Yrs,5.0,8.0,3-5 Years (Mid),Software Engineer | Sap Erp | Erp | Sap | Transportation | Data Management | Research | Order Management,8,1 day ago,https://www.naukri.com/job-listings-lead-software-engineer-tm-functional-capgemini-technology-services-india-limited-mumbai-pune-bengaluru-5-to-8-years-020626924789,2026-06-03T20:43:26.979227
74344a88a1cc,Custom Software Engineer,Other,Accenture,Navi Mumbai,3-8 Yrs,3.0,8.0,3-5 Years (Mid),Software Engineer | Version Control | Business Processes | Atci-5431962-S1983193 | SQL | Web Development Frameworks | Database Management | Java,8,2 days ago,https://www.naukri.com/job-listings-custom-software-engineer-accenture-solutions-pvt-ltd-navi-mumbai-3-to-8-years-010626913078,2026-06-03T20:43:26.980229
1129d1192dcd,Custom Software Engineer,Other,Accenture,Navi Mumbai,3-8 Yrs,3.0,8.0,3-5 Years (Mid),Software Engineer | Version Control | Business Processes | SQL | Web Development Frameworks | Database Management | Java | Git,8,2 days ago,https://www.naukri.com/job-listings-custom-software-engineer-accenture-solutions-pvt-ltd-navi-mumbai-3-to-8-years-010626913074,2026-06-03T20:43:26.981659
06ca3bdbde7e,Custom Software Engineer,Other,Accenture,Navi Mumbai,3-8 Yrs,3.0,8.0,3-5 Years (Mid),Software Engineer | Version Control | Business Processes | Atci-5431958-S1983129 | SQL | Web Development Frameworks | Database Management | Java,8,2 days ago,https://www.naukri.com/job-listings-custom-software-engineer-accenture-solutions-pvt-ltd-navi-mumbai-3-to-8-years-010626913071,2026-06-03T20:43:26.983809
5360758cc3b2,Custom Software Engineer,Other,Accenture,Navi Mumbai,3-8 Yrs,3.0,8.0,3-5 Years (Mid),Software Engineer | Version Control | Business Processes | SQL | Web Development Frameworks | Database Management | Java | Git,8,2 days ago,https://www.naukri.com/job-listings-custom-software-engineer-accenture-solutions-pvt-ltd-navi-mumbai-3-to-8-years-010626913069,2026-06-03T20:43:26.984829
695686be7d63,SOFTWARE ENGINEER,Other,Godigi Infotech,Mumbai,0-1 Yrs,0.0,1.0,0-2 Years (Fresher),Backend | Front End | Coding | PostgreSQL | MySQL | Data Structures | Troubleshooting | Sdlc,8,3+ weeks ago,https://www.naukri.com/job-listings-software-engineer-godigi-infotech-mumbai-0-to-1-years-241125505885,2026-06-03T20:43:26.985822
51ee13767b50,SOFTWARE TESTING ENGINEER,Other,Godigi Infotech,Mumbai,0-1 Yrs,0.0,1.0,0-2 Years (Fresher),Software Testing | Manual Testing | Analytical | Banking | Database | Sdlc | Stlc | Testing,8,3+ weeks ago,https://www.naukri.com/job-listings-software-testing-engineer-godigi-infotech-mumbai-0-to-1-years-191023500354,2026-06-03T20:43:26.986823
70ddcca44df8,Deep Learning Engineer,Deep Learning Engineer,CareerFit.ai,Gurgaon,3-8 Yrs,3.0,8.0,3-5 Years (Mid),Career Development | Computer Vision | C++ | MySQL | Machine Learning | Data Structures | Application Development,7,1 week ago,https://www.naukri.com/job-listings-deep-learning-engineer-careerfit-ai-gurugram-3-to-8-years-220526501397,2026-06-03T20:43:39.433039
be9da026602a,Deep Learning Engineer,Deep Learning Engineer,Edhitch,Delhi,1-4 Yrs,1.0,4.0,0-2 Years (Fresher),Computer Vision | Deep Learning | Programming | Performance Optimization | NLP | Network Architecture | Python | Program,8,3+ weeks ago,https://www.naukri.com/job-listings-deep-learning-engineer-edhitch-com-new-delhi-1-to-4-years-191124505956,2026-06-03T20:43:39.434041
77778ae27112,Deep Learning Engineer,Deep Learning Engineer,Hackveda,Noida,1-4 Yrs,1.0,4.0,0-2 Years (Fresher),Computer Vision | Deep Learning | Neural Networks | Opencv | Artificial Intelligence | Automation Systems | Python | Networking,8,3+ weeks ago,https://www.naukri.com/job-listings-deep-learning-engineer-hackveda-noida-1-to-4-years-200320501512,2026-06-03T20:43:39.457505
d02c47ed3fee,Senior Software Engineer - Machine Learning and Computer Vision,Deep Learning Engineer,Agsure Innovations,Delhi,5-8 Yrs,5.0,8.0,3-5 Years (Mid),Computer Science | Cloud Computing | Computer Vision | Deep Learning | Neural Networks | Artificial Intelligence | Machine Learning,7,3+ weeks ago,https://www.naukri.com/job-listings-senior-software-engineer-machine-learning-and-computer-vision-agsure-innovations-new-delhi-5-to-8-years-230924502475,2026-06-03T20:43:39.458505
277e2c982fd9,Software Engineer (Machine Learning),Data Scientist,Perfect Intelligent Systems,Delhi,1-5 Yrs,1.0,5.0,0-2 Years (Fresher),Computer Vision | C++ | Development | Technical | Telecommunication | Developing | Linux,7,3+ weeks ago,https://www.naukri.com/job-listings-software-engineer-machine-learning-perfect-intelligent-systems-delhi-1-to-5-years-311218501758,2026-06-03T20:43:39.464506
3c50ada6555c,Deep Learning Machine Learning Engineer,Deep Learning Engineer,Samatrix Consulting,Gurgaon,2-4 Yrs,2.0,4.0,0-2 Years (Fresher),Deep Learning | Machine Learning | Programming | Application Development | Python | Application | Program | Machine,8,3+ weeks ago,https://www.naukri.com/job-listings-deep-learning-machine-learning-engineer-samatrix-consulting-private-limited-gurgaon-2-to-4-years-160320502815,2026-06-03T20:43:39.467962
9ddd8ff2d3c9,Senior AI Engineer - Machine Learning,AI Engineer,ZS,Gurgaon,4-9 Yrs,4.0,9.0,3-5 Years (Mid),Ai Engineer | Management Consulting | Python | Cloud Services | Scala | Airflow | Ai | Machine Learning,8,3+ weeks ago,https://www.naukri.com/job-listings-senior-ai-engineer-machine-learning-zs-associates-india-pvt-ltd-gurugram-bengaluru-4-to-9-years-050526940665,2026-06-03T20:43:39.469949
d8d9580238a3,AI Software Engineer,Data Scientist,Godigi Infotech,Delhi,0-1 Yrs,0.0,1.0,0-2 Years (Fresher),Analytical Skills | C++ | Artificial Intelligence | Machine Learning | Programming | Javascript | Php | Matlab,8,6 days ago,https://www.naukri.com/job-listings-ai-software-engineer-godigi-infotech-new-delhi-0-to-1-years-280526501975,2026-06-03T20:43:39.473958
1960a6b14af5,Computer Vision Engineer,Deep Learning Engineer,IIT Mandi Ihub And Hci Foundation,Delhi,0-3 Yrs,0.0,3.0,0-2 Years (Fresher),Computer Vision | Algorithms | Python | C++ | NLP | Neural Networks | Machine Learning | Video Processing,8,1 week ago,https://www.naukri.com/job-listings-computer-vision-engineer-iit-mandi-ihub-and-hci-foundation-new-delhi-0-to-3-years-210526502646,2026-06-03T20:43:39.474957
83f36c3d3087,Data Engineer-Machine Learning,Data Engineer,IBM,Gurgaon,8-10 Yrs,8.0,10.0,6-10 Years (Senior),Data Engineer | Algorithms | Data Analysis | NLP | Computer Vision | Algorithm Development | Visualization Tools | Data Visualization,8,1 week ago,https://www.naukri.com/job-listings-data-engineer-machine-learning-ibm-india-pvt-limited-gurugram-8-to-10-years-250526916656,2026-06-03T20:43:39.479648
0903937b245b,Deep Learning Engineer,Deep Learning Engineer,Actalent Services,Chennai,1-4 Yrs,1.0,4.0,0-2 Years (Fresher),3D Deep Learning | Cnn | Neural Networks | Computer Vision | Machine Learning | 3D | Computer | Vision,8,5 days ago,https://www.naukri.com/job-listings-deep-learning-engineer-actalent-services-chennai-1-to-4-years-290526005501,2026-06-03T20:43:49.111254
816be27524cd,Deep Learning Engineer,Deep Learning Engineer,Valeo,Chennai,5-10 Yrs,5.0,10.0,3-5 Years (Mid),TensorFlow | PyTorch | Computer Vision | Deep Learning | Python | Cnn | Opencv | Computer,8,1 week ago,https://www.naukri.com/job-listings-deep-learning-engineer-valeo-chennai-5-to-10-years-210526011483,2026-06-03T20:43:49.112255
b189a67c76bd,Deep Learning Engineer Healthcare AI,Deep Learning Engineer,Seaportai,Chennai,0-5 Yrs,0.0,5.0,0-2 Years (Fresher),R | Deep Learning,2,3+ weeks ago,https://www.naukri.com/job-listings-deep-learning-engineer-healthcare-ai-seaportai-chennai-0-to-5-years-060426502361,2026-06-03T20:43:49.137975
9e3ed370b254,Deep Learning Engineer 3D Computer Vision & Reinforcement Learning,Deep Learning Engineer,Satyam Venture Engineering,Chennai,1-4 Yrs,1.0,4.0,0-2 Years (Fresher),Point Clouds | Meshes | Machine Learning | Deep Learning | Iges | C++ | Trimesh | Pytorch3D,8,2 weeks ago,https://www.naukri.com/job-listings-deep-learning-engineer-3d-computer-vision-reinforcement-learning-evoke-hr-chennai-1-to-4-years-180526007785,2026-06-03T20:43:49.138976
90973ce7bca1,Machine Learning Engineer (Computer Vision),Deep Learning Engineer,Codefeast Enterprises,Chennai,5-10 Yrs,5.0,10.0,3-5 Years (Mid),Computer Vision | Machine Learning | Python | PyTorch | TensorFlow | Object Detection | Generative AI | Opencv,8,2 weeks ago,https://www.naukri.com/job-listings-machine-learning-engineer-computer-vision-codefeast-enterprises-chennai-coimbatore-5-to-10-years-310326037237,2026-06-03T20:43:49.140976
310c0eef8131,Apprenticeship - Engineering - 2025 Pass Out - Chennai / Bglr Joining,Data Scientist,Fidelity,Chennai,0 Yrs,0.0,0.0,0-2 Years (Fresher),R,1,1 day ago,https://www.naukri.com/job-listings-apprenticeship-engineering-2025-pass-out-chennai-bglr-joining-fidelity-chennai-bengaluru-0-to-0-years-130225010415,2026-06-03T20:43:49.153975
a55d35a7913b,Immediate Opening For Machine Learning Engineer,ML Engineer,CompIndia,Chennai,0-1 Yrs,0.0,1.0,0-2 Years (Fresher),Artificial Intelligence | Machine Learning | Python | Intelligence | Machine,5,3 weeks ago,https://www.naukri.com/job-listings-immediate-opening-for-machine-learning-engineer-compindia-chennai-0-to-1-years-110526005796,2026-06-03T20:43:49.157975
3e699ef97e5a,Backend - Software Engineer (LLMOps),AI Engineer,Paytm,Noida,0-3 Yrs,0.0,3.0,0-2 Years (Fresher),Software Engineer | Emerging Technologies | Python | Java | Software Development | Design | Communication And Interpersonal Skills | Programming Languages,8,2 weeks ago,https://www.naukri.com/job-listings-backend-software-engineer-llmops-one97-communications-limited-noida-0-to-3-years-180526925005,2026-06-03T20:44:02.036233
3a151ffc1165,Software Engineer - Trainee,Data Scientist,Religare Broking Ltd,Noida,0-1 Yrs,0.0,1.0,0-2 Years (Fresher),C++ | Css | Jsp | Jdbc | Hibernate | Jquery | SQL | Spring,8,2 days ago,https://www.naukri.com/job-listings-software-engineer-trainee-religare-broking-ltd-noida-0-to-1-years-010626502515,2026-06-03T20:44:02.037211
3baeff024cbe,AdvSec Software Development Engineer - STL /,Other,Thales,Noida,0-4 Yrs,0.0,4.0,0-2 Years (Fresher),C++ | Linux | Debugging | Javascript | Agile | Scrum | Windows | Jira,8,3+ weeks ago,https://www.naukri.com/job-listings-advsec-software-development-engineer-stl-thales-india-pvt-ltd-noida-0-to-4-years-211124505529,2026-06-03T20:44:02.038208
ed2e59a7cdbc,Software Engineer ( Splunk Developer),Other,Optum,Noida,7-11 Yrs,7.0,11.0,6-10 Years (Senior),Windows Administration | Splunk | Dashboard | Jenkins | Linux Administration | Linux | Git | LLMs,8,5 days ago,https://www.naukri.com/job-listings-software-engineer-splunk-developer-optum-noida-bengaluru-delhi-ncr-7-to-11-years-280526031289,2026-06-03T20:44:02.053980
d25a7e77ba47,Custom Software Engineer,Other,Accenture,Noida,3-8 Yrs,3.0,8.0,3-5 Years (Mid),Software Engineer | Front End | Application Developer | Css | Software Development | Web Services | Programming Principles | Front End Technologies,8,1 week ago,https://www.naukri.com/job-listings-custom-software-engineer-accenture-solutions-pvt-ltd-noida-3-to-8-years-270526929904,2026-06-03T20:44:02.055101
734dd3afcf2b,Software Engineer,Other,Axis Max Life Insurance,Gurgaon,0-4 Yrs,0.0,4.0,0-2 Years (Fresher),Automation | Mobile Technology | Backend | Coding | Enterprise Architecture | Memory Management | Sqlite | Release Management,8,1 week ago,https://www.naukri.com/job-listings-software-engineer-axis-max-life-insurance-limited-gurugram-0-to-4-years-210526504921,2026-06-03T20:44:13.196768
467f2c17b21a,Custom Software Engineer,Other,Accenture,Gurgaon,0-2 Yrs,0.0,2.0,0-2 Years (Fresher),Software Engineer | Database Management | Sap | Software Development | Data Modeling | Software Testing | Design | Agile Methodologies,8,2 weeks ago,https://www.naukri.com/job-listings-custom-software-engineer-accenture-solutions-pvt-ltd-gurugram-0-to-2-years-200526939230,2026-06-03T20:44:13.197786
bcb5b20e8995,Machine Learning Engineer II,ML Engineer,Expedia,Gurgaon,3-8 Yrs,3.0,8.0,3-5 Years (Mid),Prototype | NoSQL | Enterprise Applications | Ooad | Machine Learning | Agile | SQL | Python,8,3+ weeks ago,https://www.naukri.com/job-listings-machine-learning-engineer-ii-expedia-group-gurugram-3-to-8-years-090426501136,2026-06-03T20:44:13.204262
d4a8c38819e5,Data Engineer-Machine Learning,Data Engineer,IBM,Gurgaon,6-10 Yrs,6.0,10.0,6-10 Years (Senior),Data Engineer | Algorithms | Data Analysis | NLP | Computer Vision | Algorithm Development | Visualization Tools | Data Visualization,8,2 weeks ago,https://www.naukri.com/job-listings-data-engineer-machine-learning-ibm-india-pvt-limited-gurugram-6-to-10-years-140526932217,2026-06-03T20:44:13.206799
6d183f81d5ef,Data Scientist - Machine Learning,Data Scientist,TATA 1 MG,Gurgaon,2-5 Yrs,2.0,5.0,0-2 Years (Fresher),Algorithms | Python | Supply Chain | Scikit-learn | Production | Deep Learning | Model Building | Machine Learning,8,1 week ago,https://www.naukri.com/job-listings-data-scientist-machine-learning-1mg-gurugram-2-to-5-years-270526505722,2026-06-03T20:44:13.208795
4d6da8542e2a,"Software Engineer - Fullstack (Nodejs, Python, React, AI/ML)",Data Scientist,Cisco,Gurgaon,4-6 Yrs,4.0,6.0,3-5 Years (Mid),Automation | Production Support | Coding | PostgreSQL | Debugging | Javascript | Workflow | Cisco,8,1 day ago,https://www.naukri.com/job-listings-software-engineer-fullstack-nodejs-python-react-ai-ml-cisco-gurugram-bengaluru-4-to-6-years-020626501066,2026-06-03T20:44:13.210809
b7ffdd3f1478,Software Engineer,Other,Google,Gurgaon,0 Yrs,0.0,0.0,0-2 Years (Fresher),Unix | C++ | Linux | Networking | Machine Learning | System Design | Distribution System | Android,8,3+ weeks ago,https://www.naukri.com/job-listings-software-engineer-google-india-private-limited-gurugram-0-to-0-years-090725503859,2026-06-03T20:44:13.213543
a53bca9369be,Custom Software Engineer,Other,Accenture,Gurgaon,3-8 Yrs,3.0,8.0,3-5 Years (Mid),Software Engineer | Java | Construction | Api Integration | Full Stack | Restful | Version Control | React,8,1 day ago,https://www.naukri.com/job-listings-custom-software-engineer-accenture-solutions-pvt-ltd-gurugram-3-to-8-years-020626922058,2026-06-03T20:44:13.215609
a7f32fe84629,Custom Software Engineer,Other,Accenture,Gurgaon,2-5 Yrs,2.0,5.0,0-2 Years (Fresher),Software Engineer | Workday | Ai Frameworks | Ai | Data Migration | User Interface | Application Development | System Integration,8,2 days ago,https://www.naukri.com/job-listings-custom-software-engineer-accenture-solutions-pvt-ltd-gurugram-2-to-5-years-010626913146,2026-06-03T20:44:13.217231
e29d5c15e976,Custom Software Engineering Lead,Other,Accenture,Gurgaon,15-20 Yrs,15.0,20.0,10+ Years (Lead/Principal),Software Engineering | Architectural Design | Sap | Software Development | Performance Tuning | Software Quality | Code Quality | Software Architecture,8,2 days ago,https://www.naukri.com/job-listings-custom-software-engineering-lead-accenture-solutions-pvt-ltd-gurugram-15-to-20-years-010626912472,2026-06-03T20:44:13.219180
